account_id,account_age_days,customer_type,city,kyc_status,is_mule
ACC100000,870,Individual,Bengaluru,Verified,False
ACC100001,1304,Individual,Hyderabad,Verified,False
ACC100002,1140,Individual,Mumbai,Pending,False
ACC100003,1105,Individual,Bengaluru,Verified,False
ACC100004,1648,Individual,Hyderabad,Verified,False
ACC100005,2179,Individual,Kolkata,Verified,False
ACC100006,476,Business,Chennai,Verified,False
ACC100007,1248,Individual,Kolkata,Verified,False
ACC100008,340,Business,Delhi,Verified,False
ACC100009,1492,Business,Mumbai,Verified,False
ACC100010,2145,Business,Mumbai,Verified,False
ACC100011,140,Business,Chennai,Verified,False
ACC100012,1695,Business,Mumbai,Pending,False
ACC100013,779,Individual,Chennai,Verified,False
ACC100014,2401,Individual,Mumbai,Verified,False
ACC100015,1525,Individual,Chennai,Verified,False
ACC100016,2443,Individual,Mumbai,Pending,False
ACC100017,1225,Business,Ahmedabad,Verified,False
ACC100018,965,Individual,Pune,Verified,False
ACC100019,2334,Individual,Chennai,Verified,False
ACC100020,1194,Individual,Hyderabad,Verified,False
ACC100021,469,Business,Kolkata,Verified,False
ACC100022,31,Individual,Pune,Verified,False
ACC100023,2310,Individual,Bengaluru,Verified,False
ACC100024,757,Business,Chennai,Verified,False
ACC100025,484,Individual,Pune,Verified,True
ACC100026,1092,Business,Kolkata,Pending,False
ACC100027,2057,Individual,Chennai,Verified,True
ACC100028,985,Individual,Chennai,Pending,False
ACC100029,1816,Business,Pune,Verified,False
ACC100030,199,Individual,Ahmedabad,Verified,True
ACC100031,572,Individual,Mumbai,Verified,False
ACC100032,1909,Individual,Kolkata,Verified,True
ACC100033,1277,Business,Kolkata,Pending,False
ACC100034,1538,Business,Bengaluru,Verified,False
ACC100035,656,Business,Pune,Verified,False
ACC100036,2078,Business,Kolkata,Verified,False
ACC100037,2224,Business,Bengaluru,Verified,False
ACC100038,1307,Individual,Mumbai,Verified,False
ACC100039,2445,Individual,Delhi,Verified,False
ACC100040,610,Individual,Bengaluru,Verified,False
ACC100041,2373,Business,Bengaluru,Verified,False
ACC100042,2071,Business,Chennai,Verified,False
ACC100043,251,Individual,Hyderabad,Verified,False
ACC100044,2051,Individual,Ahmedabad,Verified,False
ACC100045,1373,Individual,Delhi,Pending,False
ACC100046,2149,Individual,Chennai,Pending,False
ACC100047,1400,Individual,Hyderabad,Verified,False
ACC100048,1488,Business,Pune,Pending,False
ACC100049,785,Business,Mumbai,Verified,False
ACC100050,44,Individual,Mumbai,Verified,False
ACC100051,2263,Individual,Hyderabad,Verified,False
ACC100052,1965,Individual,Mumbai,Verified,False
ACC100053,1595,Individual,Mumbai,Verified,False
ACC100054,1031,Business,Mumbai,Verified,False
ACC100055,1139,Business,Ahmedabad,Verified,False
ACC100056,1510,Individual,Ahmedabad,Verified,False
ACC100057,712,Business,Kolkata,Verified,False
ACC100058,2459,Individual,Mumbai,Pending,False
ACC100059,1589,Business,Kolkata,Pending,False
ACC100060,171,Business,Bengaluru,Verified,False
ACC100061,211,Individual,Kolkata,Verified,False
ACC100062,1991,Individual,Hyderabad,Verified,False
ACC100063,1005,Individual,Ahmedabad,Verified,False
ACC100064,2327,Business,Delhi,Verified,False
ACC100065,825,Business,Hyderabad,Verified,False
ACC100066,465,Business,Mumbai,Verified,False
ACC100067,1285,Individual,Mumbai,Verified,False
ACC100068,1026,Individual,Kolkata,Pending,False
ACC100069,2353,Business,Hyderabad,Pending,False
ACC100070,347,Individual,Delhi,Pending,False
ACC100071,888,Individual,Kolkata,Verified,False
ACC100072,1086,Business,Chennai,Pending,False
ACC100073,801,Business,Delhi,Verified,False
ACC100074,2274,Business,Hyderabad,Verified,False
ACC100075,773,Individual,Pune,Verified,False
ACC100076,2245,Individual,Ahmedabad,Verified,False
ACC100077,389,Individual,Mumbai,Verified,False
ACC100078,502,Individual,Mumbai,Verified,False
ACC100079,1190,Business,Mumbai,Verified,False
ACC100080,2072,Individual,Mumbai,Pending,False
ACC100081,74,Business,Chennai,Verified,False
ACC100082,1377,Business,Hyderabad,Verified,False
ACC100083,1162,Business,Delhi,Verified,False
ACC100084,2037,Business,Pune,Verified,False
ACC100085,1505,Individual,Ahmedabad,Verified,False
ACC100086,1172,Individual,Hyderabad,Verified,False
ACC100087,1532,Individual,Pune,Verified,False
ACC100088,401,Individual,Pune,Verified,False
ACC100089,1708,Individual,Ahmedabad,Verified,True
ACC100090,428,Individual,Chennai,Verified,False
ACC100091,2346,Individual,Chennai,Verified,False
ACC100092,388,Individual,Delhi,Verified,False
ACC100093,1806,Business,Hyderabad,Verified,False
ACC100094,2288,Individual,Chennai,Pending,False
ACC100095,2098,Business,Bengaluru,Verified,True
ACC100096,2192,Business,Chennai,Verified,False
ACC100097,210,Individual,Pune,Verified,False
ACC100098,1873,Business,Delhi,Pending,False
ACC100099,789,Business,Bengaluru,Verified,False
ACC100100,512,Individual,Delhi,Verified,False
ACC100101,2464,Business,Delhi,Pending,False
ACC100102,1761,Individual,Bengaluru,Verified,False
ACC100103,814,Business,Bengaluru,Verified,False
ACC100104,2156,Individual,Hyderabad,Verified,True
ACC100105,1905,Business,Kolkata,Verified,False
ACC100106,1580,Individual,Delhi,Verified,False
ACC100107,970,Business,Bengaluru,Verified,False
ACC100108,1495,Business,Kolkata,Verified,False
ACC100109,1038,Business,Delhi,Verified,False
ACC100110,512,Business,Bengaluru,Pending,False
ACC100111,407,Individual,Hyderabad,Pending,False
ACC100112,880,Business,Chennai,Verified,False
ACC100113,402,Individual,Bengaluru,Verified,False
ACC100114,216,Business,Pune,Verified,True
ACC100115,1048,Individual,Chennai,Verified,False
ACC100116,1891,Business,Pune,Verified,False
ACC100117,1494,Individual,Chennai,Verified,False
ACC100118,873,Business,Bengaluru,Verified,False
ACC100119,573,Business,Pune,Verified,False
ACC100120,1030,Business,Mumbai,Pending,False
ACC100121,105,Individual,Chennai,Verified,False
ACC100122,1933,Business,Bengaluru,Verified,False
ACC100123,1767,Business,Kolkata,Verified,False
ACC100124,2288,Business,Pune,Verified,False
ACC100125,1688,Business,Chennai,Pending,False
ACC100126,550,Business,Kolkata,Verified,False
ACC100127,1069,Individual,Hyderabad,Pending,False
ACC100128,1193,Business,Delhi,Verified,False
ACC100129,1732,Business,Bengaluru,Verified,False
ACC100130,1829,Business,Hyderabad,Pending,False
ACC100131,1607,Business,Ahmedabad,Pending,False
ACC100132,805,Business,Hyderabad,Pending,False
ACC100133,1061,Individual,Mumbai,Verified,False
ACC100134,1653,Business,Mumbai,Verified,False
ACC100135,1373,Business,Hyderabad,Verified,False
ACC100136,1991,Individual,Bengaluru,Verified,False
ACC100137,1364,Individual,Ahmedabad,Verified,False
ACC100138,1673,Business,Kolkata,Verified,False
ACC100139,1539,Business,Ahmedabad,Pending,False
ACC100140,2048,Individual,Delhi,Verified,False
ACC100141,1506,Individual,Kolkata,Verified,False
ACC100142,2247,Individual,Ahmedabad,Verified,True
ACC100143,1418,Individual,Mumbai,Pending,False
ACC100144,1410,Individual,Ahmedabad,Verified,False
ACC100145,1316,Business,Kolkata,Pending,False
ACC100146,982,Individual,Ahmedabad,Pending,False
ACC100147,1778,Business,Hyderabad,Verified,False
ACC100148,1292,Business,Hyderabad,Verified,False
ACC100149,719,Business,Mumbai,Verified,False
ACC100150,1489,Individual,Chennai,Verified,False
ACC100151,1444,Business,Mumbai,Verified,False
ACC100152,658,Individual,Hyderabad,Pending,False
ACC100153,327,Individual,Hyderabad,Verified,False
ACC100154,1267,Business,Kolkata,Verified,False
ACC100155,693,Business,Kolkata,Verified,False
ACC100156,673,Individual,Kolkata,Pending,False
ACC100157,2008,Individual,Kolkata,Pending,False
ACC100158,1641,Individual,Pune,Verified,False
ACC100159,1505,Business,Kolkata,Verified,False
ACC100160,1146,Business,Hyderabad,Verified,False
ACC100161,1863,Business,Ahmedabad,Verified,False
ACC100162,1530,Business,Pune,Pending,False
ACC100163,2499,Individual,Ahmedabad,Verified,False
ACC100164,573,Individual,Kolkata,Verified,False
ACC100165,1301,Individual,Kolkata,Verified,False
ACC100166,1646,Business,Delhi,Verified,False
ACC100167,708,Business,Kolkata,Verified,False
ACC100168,2170,Individual,Ahmedabad,Verified,False
ACC100169,11,Business,Kolkata,Verified,False
ACC100170,651,Business,Chennai,Verified,False
ACC100171,2277,Business,Bengaluru,Verified,False
ACC100172,1599,Business,Hyderabad,Verified,False
ACC100173,864,Individual,Bengaluru,Verified,False
ACC100174,1769,Individual,Bengaluru,Verified,False
ACC100175,2442,Individual,Delhi,Pending,False
ACC100176,1671,Individual,Hyderabad,Pending,False
ACC100177,1163,Business,Pune,Verified,False
ACC100178,1086,Individual,Delhi,Verified,False
ACC100179,1717,Individual,Bengaluru,Verified,False
ACC100180,1705,Business,Kolkata,Verified,False
ACC100181,1743,Individual,Hyderabad,Verified,False
ACC100182,1449,Business,Mumbai,Verified,False
ACC100183,2304,Business,Kolkata,Verified,False
ACC100184,845,Individual,Pune,Verified,False
ACC100185,212,Business,Ahmedabad,Verified,False
ACC100186,132,Business,Pune,Pending,False
ACC100187,410,Individual,Kolkata,Verified,False
ACC100188,776,Business,Ahmedabad,Pending,False
ACC100189,303,Business,Chennai,Verified,False
ACC100190,2337,Individual,Mumbai,Verified,False
ACC100191,207,Business,Hyderabad,Pending,False
ACC100192,1940,Business,Pune,Verified,False
ACC100193,2201,Business,Pune,Verified,False
ACC100194,618,Business,Hyderabad,Verified,False
ACC100195,1157,Business,Pune,Verified,False
ACC100196,196,Business,Bengaluru,Verified,False
ACC100197,1804,Individual,Hyderabad,Pending,False
ACC100198,669,Business,Hyderabad,Pending,False
ACC100199,1965,Business,Ahmedabad,Verified,False
ACC100200,2460,Individual,Chennai,Verified,False
ACC100201,1379,Business,Hyderabad,Verified,False
ACC100202,1996,Business,Ahmedabad,Verified,False
ACC100203,1544,Business,Pune,Verified,True
ACC100204,156,Business,Chennai,Verified,False
ACC100205,1744,Business,Hyderabad,Verified,False
ACC100206,1853,Individual,Pune,Verified,False
ACC100207,498,Individual,Hyderabad,Verified,False
ACC100208,1969,Business,Chennai,Verified,False
ACC100209,1673,Individual,Hyderabad,Verified,False
ACC100210,2395,Individual,Pune,Verified,False
ACC100211,650,Business,Bengaluru,Verified,False
ACC100212,1812,Business,Bengaluru,Verified,False
ACC100213,1979,Business,Delhi,Pending,False
ACC100214,2208,Individual,Bengaluru,Verified,False
ACC100215,1448,Business,Ahmedabad,Pending,False
ACC100216,1644,Business,Delhi,Verified,False
ACC100217,272,Business,Ahmedabad,Verified,False
ACC100218,1797,Individual,Kolkata,Pending,False
ACC100219,2201,Individual,Bengaluru,Verified,False
ACC100220,2403,Individual,Chennai,Verified,False
ACC100221,633,Individual,Mumbai,Pending,False
ACC100222,1026,Individual,Kolkata,Pending,False
ACC100223,890,Business,Chennai,Pending,True
ACC100224,2059,Business,Bengaluru,Verified,False
ACC100225,1337,Individual,Hyderabad,Verified,False
ACC100226,2311,Individual,Delhi,Verified,False
ACC100227,462,Individual,Mumbai,Verified,False
ACC100228,1193,Individual,Kolkata,Pending,True
ACC100229,2066,Business,Chennai,Verified,False
ACC100230,1692,Individual,Chennai,Verified,False
ACC100231,2265,Business,Mumbai,Verified,False
ACC100232,1164,Business,Hyderabad,Pending,False
ACC100233,413,Individual,Hyderabad,Verified,False
ACC100234,2209,Business,Delhi,Verified,False
ACC100235,2111,Individual,Delhi,Verified,False
ACC100236,1706,Business,Ahmedabad,Verified,False
ACC100237,637,Business,Chennai,Pending,False
ACC100238,596,Business,Ahmedabad,Pending,True
ACC100239,1658,Individual,Bengaluru,Pending,False
ACC100240,1453,Business,Chennai,Verified,False
ACC100241,1455,Individual,Hyderabad,Verified,False
ACC100242,113,Business,Bengaluru,Verified,False
ACC100243,263,Business,Ahmedabad,Verified,False
ACC100244,1506,Individual,Kolkata,Pending,False
ACC100245,108,Individual,Ahmedabad,Verified,False
ACC100246,2210,Business,Pune,Verified,False
ACC100247,1894,Individual,Delhi,Verified,False
ACC100248,1929,Business,Ahmedabad,Verified,False
ACC100249,887,Business,Bengaluru,Pending,False
ACC100250,347,Individual,Pune,Verified,True
ACC100251,966,Business,Mumbai,Pending,False
ACC100252,1714,Individual,Ahmedabad,Pending,False
ACC100253,170,Individual,Hyderabad,Verified,False
ACC100254,1613,Business,Ahmedabad,Verified,False
ACC100255,407,Individual,Chennai,Verified,False
ACC100256,1310,Business,Ahmedabad,Pending,False
ACC100257,825,Individual,Bengaluru,Verified,False
ACC100258,1537,Individual,Chennai,Verified,False
ACC100259,1929,Business,Mumbai,Verified,False
ACC100260,1425,Individual,Ahmedabad,Verified,False
ACC100261,1168,Individual,Ahmedabad,Verified,False
ACC100262,1228,Business,Kolkata,Pending,False
ACC100263,410,Business,Hyderabad,Pending,False
ACC100264,649,Individual,Kolkata,Verified,False
ACC100265,469,Individual,Mumbai,Verified,False
ACC100266,964,Business,Pune,Verified,False
ACC100267,479,Individual,Chennai,Verified,False
ACC100268,1055,Business,Delhi,Pending,False
ACC100269,1703,Business,Pune,Verified,False
ACC100270,2095,Business,Ahmedabad,Verified,False
ACC100271,2287,Individual,Hyderabad,Pending,False
ACC100272,572,Individual,Kolkata,Verified,False
ACC100273,2495,Business,Ahmedabad,Pending,False
ACC100274,1809,Business,Delhi,Pending,False
ACC100275,2084,Individual,Delhi,Verified,False
ACC100276,235,Individual,Ahmedabad,Verified,False
ACC100277,807,Business,Bengaluru,Verified,False
ACC100278,2341,Business,Delhi,Verified,False
ACC100279,969,Business,Chennai,Verified,False
ACC100280,1514,Business,Mumbai,Verified,False
ACC100281,462,Business,Pune,Pending,True
ACC100282,825,Individual,Mumbai,Verified,False
ACC100283,668,Business,Hyderabad,Verified,False
ACC100284,556,Business,Mumbai,Verified,False
ACC100285,1225,Business,Delhi,Verified,False
ACC100286,26,Individual,Bengaluru,Verified,False
ACC100287,1253,Individual,Chennai,Verified,False
ACC100288,2215,Business,Kolkata,Verified,False
ACC100289,1079,Individual,Kolkata,Verified,False
ACC100290,2156,Individual,Delhi,Verified,False
ACC100291,1778,Business,Hyderabad,Pending,False
ACC100292,1070,Individual,Hyderabad,Pending,False
ACC100293,2337,Business,Ahmedabad,Verified,False
ACC100294,311,Individual,Ahmedabad,Verified,False
ACC100295,190,Individual,Mumbai,Pending,False
ACC100296,616,Business,Chennai,Pending,False
ACC100297,709,Business,Ahmedabad,Verified,False
ACC100298,1002,Individual,Kolkata,Pending,False
ACC100299,1149,Individual,Hyderabad,Pending,False
ACC100300,200,Business,Chennai,Verified,False
ACC100301,2310,Individual,Kolkata,Verified,False
ACC100302,990,Individual,Bengaluru,Pending,False
ACC100303,2016,Business,Hyderabad,Verified,False
ACC100304,1194,Individual,Hyderabad,Verified,False
ACC100305,137,Individual,Mumbai,Verified,False
ACC100306,2075,Business,Ahmedabad,Verified,False
ACC100307,1826,Business,Delhi,Verified,False
ACC100308,1768,Business,Pune,Pending,False
ACC100309,579,Individual,Hyderabad,Verified,False
ACC100310,1356,Business,Chennai,Verified,False
ACC100311,1905,Business,Ahmedabad,Verified,False
ACC100312,635,Business,Mumbai,Pending,False
ACC100313,1696,Individual,Delhi,Verified,False
ACC100314,164,Business,Pune,Verified,False
ACC100315,1419,Business,Bengaluru,Verified,False
ACC100316,794,Individual,Ahmedabad,Verified,False
ACC100317,255,Business,Kolkata,Verified,False
ACC100318,1510,Individual,Hyderabad,Pending,False
ACC100319,1715,Individual,Pune,Verified,False
ACC100320,547,Individual,Ahmedabad,Verified,False
ACC100321,1900,Business,Mumbai,Verified,False
ACC100322,1851,Individual,Bengaluru,Verified,False
ACC100323,930,Business,Mumbai,Verified,False
ACC100324,2465,Individual,Delhi,Pending,False
ACC100325,534,Business,Pune,Pending,False
ACC100326,1539,Individual,Kolkata,Verified,False
ACC100327,45,Business,Kolkata,Verified,False
ACC100328,694,Individual,Pune,Verified,False
ACC100329,29,Business,Ahmedabad,Verified,False
ACC100330,2378,Business,Mumbai,Verified,False
ACC100331,409,Business,Bengaluru,Pending,False
ACC100332,981,Business,Hyderabad,Verified,False
ACC100333,1916,Business,Mumbai,Verified,False
ACC100334,1176,Individual,Bengaluru,Verified,False
ACC100335,1125,Individual,Delhi,Verified,False
ACC100336,843,Individual,Hyderabad,Verified,False
ACC100337,1833,Individual,Pune,Verified,False
ACC100338,1992,Individual,Chennai,Verified,False
ACC100339,863,Individual,Chennai,Verified,False
ACC100340,60,Individual,Bengaluru,Verified,False
ACC100341,584,Individual,Pune,Verified,False
ACC100342,1158,Business,Bengaluru,Verified,False
ACC100343,2207,Business,Bengaluru,Verified,False
ACC100344,2371,Business,Mumbai,Verified,False
ACC100345,2362,Business,Ahmedabad,Verified,False
ACC100346,1725,Individual,Ahmedabad,Verified,False
ACC100347,691,Individual,Chennai,Pending,False
ACC100348,847,Individual,Bengaluru,Pending,False
ACC100349,1087,Business,Kolkata,Verified,False
ACC100350,2321,Business,Ahmedabad,Verified,False
ACC100351,1605,Individual,Pune,Verified,False
ACC100352,14,Individual,Delhi,Verified,False
ACC100353,1136,Business,Kolkata,Verified,False
ACC100354,1229,Business,Kolkata,Verified,False
ACC100355,783,Individual,Hyderabad,Pending,False
ACC100356,886,Business,Hyderabad,Pending,False
ACC100357,1001,Business,Ahmedabad,Pending,False
ACC100358,56,Business,Mumbai,Verified,False
ACC100359,278,Business,Pune,Verified,False
ACC100360,379,Business,Delhi,Pending,False
ACC100361,645,Individual,Mumbai,Verified,False
ACC100362,1139,Individual,Kolkata,Verified,False
ACC100363,1703,Business,Delhi,Verified,False
ACC100364,1692,Business,Mumbai,Pending,False
ACC100365,666,Business,Kolkata,Verified,False
ACC100366,129,Business,Chennai,Verified,False
ACC100367,840,Individual,Hyderabad,Verified,False
ACC100368,1820,Business,Hyderabad,Verified,False
ACC100369,1091,Business,Pune,Verified,False
ACC100370,1984,Business,Hyderabad,Pending,False
ACC100371,1379,Individual,Chennai,Verified,False
ACC100372,750,Individual,Chennai,Verified,False
ACC100373,126,Business,Pune,Verified,False
ACC100374,1863,Individual,Delhi,Pending,False
ACC100375,1160,Individual,Delhi,Verified,False
ACC100376,1941,Individual,Hyderabad,Pending,False
ACC100377,1022,Business,Ahmedabad,Verified,False
ACC100378,1674,Individual,Pune,Verified,False
ACC100379,1091,Business,Mumbai,Verified,False
ACC100380,643,Individual,Delhi,Verified,False
ACC100381,522,Individual,Chennai,Pending,False
ACC100382,1129,Business,Ahmedabad,Pending,False
ACC100383,1151,Business,Chennai,Verified,False
ACC100384,569,Individual,Pune,Pending,False
ACC100385,497,Individual,Chennai,Pending,False
ACC100386,906,Business,Bengaluru,Verified,False
ACC100387,1222,Business,Bengaluru,Verified,False
ACC100388,713,Individual,Chennai,Verified,False
ACC100389,1480,Individual,Chennai,Verified,False
ACC100390,590,Business,Mumbai,Verified,False
ACC100391,2304,Business,Kolkata,Verified,False
ACC100392,163,Individual,Kolkata,Verified,False
ACC100393,1689,Business,Mumbai,Pending,False
ACC100394,1006,Individual,Kolkata,Verified,False
ACC100395,1253,Business,Mumbai,Verified,False
ACC100396,1102,Business,Kolkata,Pending,False
ACC100397,1018,Business,Mumbai,Pending,False
ACC100398,2151,Individual,Pune,Verified,False
ACC100399,1783,Business,Pune,Verified,False
ACC100400,967,Business,Mumbai,Verified,False
ACC100401,462,Business,Kolkata,Verified,False
ACC100402,1237,Business,Chennai,Verified,False
ACC100403,2275,Individual,Pune,Verified,False
ACC100404,2489,Individual,Mumbai,Verified,False
ACC100405,2398,Business,Pune,Verified,False
ACC100406,560,Individual,Mumbai,Verified,False
ACC100407,1645,Business,Hyderabad,Verified,False
ACC100408,1322,Individual,Mumbai,Verified,False
ACC100409,1767,Business,Ahmedabad,Pending,False
ACC100410,366,Business,Pune,Verified,False
ACC100411,2080,Business,Mumbai,Pending,False
ACC100412,1795,Business,Chennai,Verified,False
ACC100413,1791,Individual,Pune,Verified,False
ACC100414,2499,Business,Ahmedabad,Pending,False
ACC100415,1641,Individual,Bengaluru,Verified,False
ACC100416,1025,Business,Mumbai,Verified,False
ACC100417,1358,Business,Ahmedabad,Verified,False
ACC100418,525,Business,Hyderabad,Verified,False
ACC100419,345,Business,Delhi,Verified,False
ACC100420,1792,Business,Mumbai,Verified,False
ACC100421,2315,Individual,Delhi,Verified,False
ACC100422,506,Individual,Ahmedabad,Pending,False
ACC100423,905,Individual,Pune,Verified,False
ACC100424,2217,Business,Kolkata,Pending,False
ACC100425,861,Business,Bengaluru,Verified,False
ACC100426,1697,Individual,Pune,Verified,False
ACC100427,1941,Business,Chennai,Verified,False
ACC100428,2437,Individual,Pune,Verified,False
ACC100429,1578,Individual,Pune,Verified,False
ACC100430,966,Business,Delhi,Verified,False
ACC100431,1646,Business,Kolkata,Verified,False
ACC100432,1301,Individual,Mumbai,Pending,True
ACC100433,1450,Business,Bengaluru,Verified,False
ACC100434,1201,Business,Delhi,Verified,False
ACC100435,1076,Business,Ahmedabad,Verified,False
ACC100436,294,Individual,Delhi,Verified,False
ACC100437,2454,Individual,Chennai,Verified,False
ACC100438,21,Individual,Pune,Verified,False
ACC100439,1640,Business,Delhi,Verified,False
ACC100440,763,Individual,Delhi,Pending,False
ACC100441,2092,Individual,Kolkata,Verified,False
ACC100442,99,Individual,Ahmedabad,Verified,False
ACC100443,785,Business,Hyderabad,Verified,False
ACC100444,1635,Business,Ahmedabad,Verified,False
ACC100445,427,Business,Ahmedabad,Pending,False
ACC100446,124,Business,Kolkata,Pending,False
ACC100447,626,Individual,Hyderabad,Verified,False
ACC100448,835,Business,Bengaluru,Pending,False
ACC100449,1659,Business,Mumbai,Verified,False
ACC100450,1526,Business,Mumbai,Verified,False
ACC100451,422,Business,Ahmedabad,Verified,False
ACC100452,738,Business,Mumbai,Verified,False
ACC100453,685,Business,Pune,Verified,False
ACC100454,1902,Business,Bengaluru,Pending,False
ACC100455,2249,Business,Hyderabad,Pending,False
ACC100456,1132,Individual,Pune,Verified,False
ACC100457,1581,Individual,Pune,Verified,False
ACC100458,987,Business,Delhi,Verified,False
ACC100459,1018,Individual,Chennai,Pending,False
ACC100460,2153,Individual,Ahmedabad,Pending,False
ACC100461,1697,Individual,Mumbai,Verified,False
ACC100462,46,Business,Hyderabad,Verified,False
ACC100463,1558,Business,Mumbai,Verified,False
ACC100464,2336,Individual,Chennai,Verified,False
ACC100465,2274,Individual,Hyderabad,Pending,False
ACC100466,882,Business,Mumbai,Verified,False
ACC100467,1831,Business,Bengaluru,Verified,False
ACC100468,1306,Individual,Chennai,Pending,False
ACC100469,2119,Individual,Pune,Verified,False
ACC100470,605,Business,Delhi,Verified,False
ACC100471,1913,Business,Mumbai,Verified,False
ACC100472,738,Business,Ahmedabad,Verified,False
ACC100473,1375,Business,Pune,Verified,False
ACC100474,406,Individual,Pune,Verified,False
ACC100475,708,Business,Hyderabad,Verified,False
ACC100476,2234,Business,Delhi,Verified,False
ACC100477,1645,Business,Pune,Verified,False
ACC100478,405,Business,Ahmedabad,Verified,False
ACC100479,85,Individual,Mumbai,Pending,False
ACC100480,274,Individual,Chennai,Verified,False
ACC100481,1829,Individual,Hyderabad,Verified,False
ACC100482,727,Business,Chennai,Pending,False
ACC100483,860,Business,Chennai,Verified,False
ACC100484,1400,Individual,Chennai,Verified,False
ACC100485,153,Individual,Pune,Verified,False
ACC100486,894,Individual,Pune,Pending,False
ACC100487,405,Business,Ahmedabad,Pending,False
ACC100488,1502,Business,Delhi,Pending,False
ACC100489,1177,Business,Pune,Verified,False
ACC100490,1072,Individual,Kolkata,Verified,False
ACC100491,2166,Business,Delhi,Verified,False
ACC100492,1075,Business,Mumbai,Verified,False
ACC100493,1219,Business,Chennai,Verified,False
ACC100494,2455,Business,Kolkata,Verified,False
ACC100495,643,Business,Pune,Pending,False
ACC100496,1166,Individual,Pune,Pending,False
ACC100497,1248,Business,Bengaluru,Verified,False
ACC100498,742,Business,Pune,Verified,False
ACC100499,244,Individual,Delhi,Pending,False
ACC100500,760,Individual,Delhi,Verified,False
ACC100501,963,Individual,Pune,Verified,False
ACC100502,1552,Business,Bengaluru,Verified,False
ACC100503,1207,Business,Pune,Verified,False
ACC100504,1686,Business,Mumbai,Verified,False
ACC100505,1201,Business,Kolkata,Verified,False
ACC100506,2227,Business,Hyderabad,Verified,False
ACC100507,1426,Individual,Delhi,Pending,False
ACC100508,1227,Business,Mumbai,Verified,False
ACC100509,1550,Business,Ahmedabad,Verified,False
ACC100510,2086,Business,Ahmedabad,Verified,False
ACC100511,1455,Individual,Delhi,Verified,False
ACC100512,2396,Business,Delhi,Pending,False
ACC100513,1529,Individual,Pune,Verified,False
ACC100514,1398,Individual,Chennai,Verified,False
ACC100515,1866,Individual,Delhi,Verified,False
ACC100516,1375,Individual,Mumbai,Verified,False
ACC100517,509,Individual,Hyderabad,Pending,True
ACC100518,1690,Individual,Pune,Verified,False
ACC100519,520,Business,Delhi,Verified,False
ACC100520,226,Individual,Chennai,Pending,False
ACC100521,1334,Business,Kolkata,Pending,False
ACC100522,1165,Individual,Delhi,Verified,False
ACC100523,1837,Individual,Ahmedabad,Pending,False
ACC100524,1820,Business,Delhi,Verified,False
ACC100525,1215,Individual,Kolkata,Verified,False
ACC100526,2224,Individual,Delhi,Verified,False
ACC100527,100,Individual,Delhi,Verified,False
ACC100528,723,Individual,Pune,Verified,False
ACC100529,1891,Individual,Chennai,Verified,False
ACC100530,48,Business,Delhi,Verified,False
ACC100531,182,Individual,Delhi,Verified,False
ACC100532,662,Individual,Pune,Verified,False
ACC100533,763,Individual,Mumbai,Verified,False
ACC100534,1253,Business,Hyderabad,Pending,False
ACC100535,1091,Individual,Ahmedabad,Verified,False
ACC100536,1693,Business,Ahmedabad,Verified,False
ACC100537,465,Business,Chennai,Pending,False
ACC100538,838,Individual,Bengaluru,Verified,False
ACC100539,904,Business,Kolkata,Pending,False
ACC100540,1394,Business,Hyderabad,Verified,False
ACC100541,1968,Individual,Pune,Verified,False
ACC100542,2444,Business,Kolkata,Verified,False
ACC100543,2006,Business,Mumbai,Verified,False
ACC100544,2405,Individual,Ahmedabad,Verified,False
ACC100545,199,Business,Ahmedabad,Verified,False
ACC100546,514,Individual,Mumbai,Verified,False
ACC100547,1224,Business,Kolkata,Pending,False
ACC100548,1541,Individual,Delhi,Verified,False
ACC100549,833,Business,Hyderabad,Verified,False
ACC100550,938,Business,Ahmedabad,Pending,False
ACC100551,943,Business,Ahmedabad,Verified,False
ACC100552,1150,Individual,Kolkata,Pending,False
ACC100553,143,Individual,Hyderabad,Verified,False
ACC100554,2115,Individual,Bengaluru,Verified,False
ACC100555,694,Business,Ahmedabad,Verified,False
ACC100556,2230,Individual,Mumbai,Pending,False
ACC100557,1862,Individual,Chennai,Verified,False
ACC100558,824,Business,Pune,Verified,True
ACC100559,1182,Business,Bengaluru,Verified,False
ACC100560,89,Business,Chennai,Verified,False
ACC100561,212,Business,Ahmedabad,Verified,False
ACC100562,1262,Individual,Delhi,Verified,False
ACC100563,1709,Business,Pune,Verified,False
ACC100564,1260,Business,Delhi,Verified,False
ACC100565,1692,Business,Bengaluru,Verified,False
ACC100566,1565,Individual,Delhi,Verified,False
ACC100567,2104,Business,Ahmedabad,Verified,False
ACC100568,1266,Individual,Pune,Verified,False
ACC100569,1559,Individual,Kolkata,Verified,False
ACC100570,1176,Business,Ahmedabad,Verified,False
ACC100571,1406,Business,Bengaluru,Verified,False
ACC100572,480,Business,Mumbai,Pending,False
ACC100573,1045,Business,Bengaluru,Pending,False
ACC100574,1363,Business,Hyderabad,Verified,True
ACC100575,977,Business,Delhi,Pending,False
ACC100576,367,Individual,Hyderabad,Verified,False
ACC100577,677,Individual,Hyderabad,Verified,False
ACC100578,382,Business,Pune,Pending,False
ACC100579,1041,Individual,Kolkata,Verified,False
ACC100580,1155,Business,Ahmedabad,Verified,False
ACC100581,1381,Individual,Hyderabad,Verified,False
ACC100582,99,Business,Kolkata,Verified,False
ACC100583,549,Individual,Ahmedabad,Verified,False
ACC100584,878,Business,Chennai,Pending,False
ACC100585,50,Individual,Hyderabad,Verified,False
ACC100586,749,Business,Hyderabad,Verified,False
ACC100587,1956,Business,Hyderabad,Pending,False
ACC100588,1234,Business,Ahmedabad,Verified,False
ACC100589,938,Business,Chennai,Verified,False
ACC100590,2046,Business,Kolkata,Verified,False
ACC100591,934,Individual,Chennai,Verified,False
ACC100592,1591,Business,Mumbai,Verified,False
ACC100593,399,Business,Chennai,Pending,False
ACC100594,1627,Individual,Hyderabad,Verified,False
ACC100595,265,Business,Delhi,Verified,False
ACC100596,718,Individual,Hyderabad,Verified,False
ACC100597,1848,Individual,Hyderabad,Verified,False
ACC100598,1954,Individual,Kolkata,Verified,False
ACC100599,19,Business,Mumbai,Verified,False
ACC100600,807,Individual,Delhi,Pending,False
ACC100601,886,Business,Ahmedabad,Verified,False
ACC100602,1038,Business,Pune,Verified,False
ACC100603,1025,Individual,Mumbai,Verified,False
ACC100604,1834,Individual,Delhi,Pending,True
ACC100605,383,Individual,Bengaluru,Pending,False
ACC100606,2203,Business,Delhi,Verified,False
ACC100607,233,Individual,Bengaluru,Verified,False
ACC100608,1272,Individual,Pune,Verified,False
ACC100609,2234,Business,Ahmedabad,Verified,False
ACC100610,1812,Business,Chennai,Verified,False
ACC100611,862,Individual,Pune,Verified,False
ACC100612,72,Business,Chennai,Verified,False
ACC100613,1250,Individual,Pune,Verified,False
ACC100614,698,Individual,Delhi,Pending,False
ACC100615,1494,Business,Pune,Verified,False
ACC100616,1643,Business,Mumbai,Verified,True
ACC100617,2162,Individual,Ahmedabad,Verified,False
ACC100618,520,Individual,Bengaluru,Verified,False
ACC100619,394,Business,Hyderabad,Pending,False
ACC100620,414,Business,Pune,Verified,False
ACC100621,527,Individual,Chennai,Verified,False
ACC100622,485,Individual,Bengaluru,Verified,False
ACC100623,2010,Business,Chennai,Verified,False
ACC100624,1678,Business,Chennai,Verified,False
ACC100625,1903,Business,Pune,Verified,False
ACC100626,1470,Individual,Delhi,Pending,False
ACC100627,723,Individual,Ahmedabad,Verified,False
ACC100628,92,Business,Ahmedabad,Verified,False
ACC100629,1178,Individual,Mumbai,Pending,False
ACC100630,1911,Business,Mumbai,Verified,False
ACC100631,2058,Individual,Hyderabad,Verified,False
ACC100632,60,Individual,Pune,Pending,False
ACC100633,694,Individual,Hyderabad,Pending,False
ACC100634,726,Individual,Ahmedabad,Verified,False
ACC100635,1479,Business,Delhi,Pending,False
ACC100636,458,Business,Bengaluru,Pending,False
ACC100637,890,Business,Bengaluru,Pending,False
ACC100638,497,Business,Bengaluru,Verified,False
ACC100639,1833,Individual,Bengaluru,Pending,False
ACC100640,2091,Business,Mumbai,Verified,False
ACC100641,2152,Individual,Ahmedabad,Verified,False
ACC100642,1584,Business,Kolkata,Verified,False
ACC100643,2211,Individual,Kolkata,Verified,False
ACC100644,259,Business,Ahmedabad,Pending,False
ACC100645,683,Business,Mumbai,Verified,False
ACC100646,447,Business,Mumbai,Verified,False
ACC100647,2175,Business,Delhi,Verified,False
ACC100648,780,Individual,Bengaluru,Verified,False
ACC100649,277,Business,Kolkata,Pending,False
ACC100650,1994,Individual,Hyderabad,Pending,False
ACC100651,1087,Business,Delhi,Verified,False
ACC100652,245,Individual,Mumbai,Verified,False
ACC100653,398,Business,Bengaluru,Verified,False
ACC100654,772,Individual,Mumbai,Verified,True
ACC100655,1858,Individual,Ahmedabad,Verified,False
ACC100656,2458,Individual,Bengaluru,Pending,False
ACC100657,633,Business,Hyderabad,Verified,False
ACC100658,1262,Individual,Delhi,Verified,False
ACC100659,587,Individual,Pune,Verified,False
ACC100660,2132,Individual,Chennai,Verified,False
ACC100661,444,Individual,Kolkata,Verified,False
ACC100662,2160,Business,Bengaluru,Verified,False
ACC100663,773,Business,Ahmedabad,Verified,False
ACC100664,1339,Business,Kolkata,Verified,False
ACC100665,2155,Business,Kolkata,Verified,True
ACC100666,1368,Business,Kolkata,Verified,False
ACC100667,2492,Business,Hyderabad,Verified,False
ACC100668,456,Business,Delhi,Pending,False
ACC100669,2027,Individual,Kolkata,Pending,False
ACC100670,1341,Individual,Kolkata,Verified,False
ACC100671,258,Business,Hyderabad,Verified,False
ACC100672,175,Individual,Ahmedabad,Verified,False
ACC100673,1368,Individual,Hyderabad,Verified,False
ACC100674,1029,Business,Kolkata,Verified,False
ACC100675,551,Individual,Hyderabad,Verified,False
ACC100676,768,Business,Hyderabad,Verified,False
ACC100677,2138,Business,Bengaluru,Verified,False
ACC100678,2190,Individual,Mumbai,Pending,False
ACC100679,806,Individual,Hyderabad,Pending,False
ACC100680,147,Individual,Pune,Verified,False
ACC100681,2241,Business,Ahmedabad,Verified,False
ACC100682,1363,Business,Chennai,Verified,False
ACC100683,1885,Business,Ahmedabad,Verified,False
ACC100684,78,Business,Pune,Verified,False
ACC100685,2110,Business,Pune,Pending,False
ACC100686,1483,Individual,Hyderabad,Verified,False
ACC100687,214,Individual,Chennai,Pending,False
ACC100688,2183,Business,Delhi,Verified,False
ACC100689,52,Business,Hyderabad,Pending,False
ACC100690,1916,Individual,Ahmedabad,Verified,False
ACC100691,2168,Business,Ahmedabad,Pending,False
ACC100692,770,Business,Delhi,Verified,True
ACC100693,2152,Individual,Delhi,Pending,False
ACC100694,2004,Individual,Bengaluru,Verified,False
ACC100695,1945,Individual,Bengaluru,Verified,False
ACC100696,909,Business,Delhi,Verified,False
ACC100697,369,Individual,Delhi,Verified,False
ACC100698,1729,Individual,Ahmedabad,Verified,False
ACC100699,290,Individual,Ahmedabad,Pending,False
ACC100700,1897,Individual,Bengaluru,Pending,False
ACC100701,676,Individual,Bengaluru,Verified,False
ACC100702,102,Business,Bengaluru,Pending,False
ACC100703,681,Individual,Mumbai,Verified,False
ACC100704,1979,Individual,Hyderabad,Verified,False
ACC100705,70,Business,Pune,Verified,False
ACC100706,1038,Business,Mumbai,Verified,False
ACC100707,1499,Business,Ahmedabad,Verified,False
ACC100708,613,Individual,Chennai,Verified,False
ACC100709,691,Individual,Mumbai,Pending,False
ACC100710,1438,Business,Kolkata,Pending,False
ACC100711,2290,Individual,Bengaluru,Verified,False
ACC100712,533,Individual,Ahmedabad,Pending,False
ACC100713,2403,Business,Mumbai,Verified,False
ACC100714,1978,Individual,Hyderabad,Pending,False
ACC100715,1111,Business,Bengaluru,Verified,False
ACC100716,1763,Business,Bengaluru,Verified,False
ACC100717,1846,Business,Bengaluru,Verified,False
ACC100718,2306,Individual,Kolkata,Verified,True
ACC100719,2104,Business,Delhi,Verified,False
ACC100720,1154,Business,Pune,Pending,False
ACC100721,2271,Individual,Mumbai,Verified,False
ACC100722,2296,Individual,Mumbai,Pending,False
ACC100723,1089,Individual,Mumbai,Verified,False
ACC100724,2407,Business,Pune,Verified,False
ACC100725,116,Business,Ahmedabad,Pending,False
ACC100726,57,Individual,Pune,Pending,False
ACC100727,346,Business,Delhi,Pending,False
ACC100728,1059,Individual,Chennai,Verified,False
ACC100729,1290,Individual,Mumbai,Verified,False
ACC100730,2065,Individual,Kolkata,Verified,False
ACC100731,634,Business,Pune,Verified,False
ACC100732,1900,Individual,Mumbai,Verified,False
ACC100733,1286,Business,Ahmedabad,Verified,True
ACC100734,1725,Business,Mumbai,Verified,False
ACC100735,312,Individual,Delhi,Pending,False
ACC100736,648,Business,Kolkata,Verified,False
ACC100737,65,Individual,Mumbai,Verified,False
ACC100738,735,Individual,Pune,Pending,False
ACC100739,535,Individual,Chennai,Pending,False
ACC100740,483,Business,Mumbai,Verified,False
ACC100741,37,Individual,Kolkata,Verified,False
ACC100742,2135,Individual,Chennai,Verified,False
ACC100743,374,Business,Ahmedabad,Verified,False
ACC100744,535,Individual,Delhi,Pending,False
ACC100745,1345,Business,Kolkata,Verified,False
ACC100746,892,Business,Mumbai,Verified,False
ACC100747,1040,Business,Hyderabad,Pending,False
ACC100748,1036,Individual,Ahmedabad,Verified,False
ACC100749,1656,Individual,Chennai,Verified,False
ACC100750,928,Business,Pune,Pending,False
ACC100751,2420,Business,Ahmedabad,Verified,False
ACC100752,1784,Business,Delhi,Verified,False
ACC100753,1541,Business,Hyderabad,Pending,False
ACC100754,1916,Business,Delhi,Pending,True
ACC100755,1225,Business,Chennai,Pending,False
ACC100756,1664,Individual,Pune,Pending,False
ACC100757,494,Business,Kolkata,Verified,False
ACC100758,2085,Individual,Hyderabad,Verified,True
ACC100759,723,Individual,Ahmedabad,Verified,True
ACC100760,1072,Business,Chennai,Verified,False
ACC100761,1986,Business,Ahmedabad,Verified,False
ACC100762,1306,Business,Hyderabad,Verified,False
ACC100763,1264,Individual,Kolkata,Pending,False
ACC100764,2143,Individual,Ahmedabad,Pending,False
ACC100765,135,Business,Kolkata,Verified,False
ACC100766,546,Business,Mumbai,Verified,False
ACC100767,2202,Individual,Pune,Verified,False
ACC100768,2082,Individual,Kolkata,Verified,False
ACC100769,1613,Business,Mumbai,Verified,False
ACC100770,76,Individual,Chennai,Verified,False
ACC100771,242,Individual,Ahmedabad,Verified,False
ACC100772,2166,Business,Ahmedabad,Verified,False
ACC100773,1179,Business,Bengaluru,Pending,False
ACC100774,2168,Individual,Chennai,Pending,False
ACC100775,2285,Individual,Mumbai,Verified,False
ACC100776,120,Business,Chennai,Verified,False
ACC100777,1503,Business,Hyderabad,Pending,False
ACC100778,2091,Business,Ahmedabad,Verified,False
ACC100779,632,Business,Ahmedabad,Verified,False
ACC100780,2482,Individual,Chennai,Verified,False
ACC100781,1551,Individual,Bengaluru,Verified,False
ACC100782,1315,Individual,Delhi,Verified,False
ACC100783,1771,Individual,Delhi,Verified,False
ACC100784,1985,Business,Ahmedabad,Verified,False
ACC100785,2372,Business,Delhi,Verified,False
ACC100786,886,Business,Kolkata,Verified,False
ACC100787,1999,Individual,Ahmedabad,Pending,False
ACC100788,1322,Business,Bengaluru,Verified,False
ACC100789,1470,Individual,Chennai,Verified,False
ACC100790,2334,Individual,Delhi,Verified,False
ACC100791,1743,Business,Hyderabad,Pending,False
ACC100792,1615,Individual,Chennai,Pending,False
ACC100793,1536,Business,Kolkata,Pending,False
ACC100794,2407,Individual,Pune,Verified,False
ACC100795,1640,Business,Delhi,Verified,False
ACC100796,1170,Individual,Delhi,Verified,False
ACC100797,768,Individual,Hyderabad,Verified,False
ACC100798,252,Individual,Delhi,Verified,False
ACC100799,1073,Individual,Kolkata,Pending,False
ACC100800,238,Individual,Kolkata,Pending,False
ACC100801,929,Individual,Ahmedabad,Verified,False
ACC100802,1256,Individual,Ahmedabad,Verified,False
ACC100803,15,Individual,Delhi,Verified,False
ACC100804,477,Business,Bengaluru,Verified,False
ACC100805,1765,Individual,Ahmedabad,Verified,False
ACC100806,84,Individual,Kolkata,Pending,False
ACC100807,13,Business,Ahmedabad,Pending,False
ACC100808,1880,Business,Ahmedabad,Verified,False
ACC100809,655,Individual,Bengaluru,Verified,False
ACC100810,127,Business,Bengaluru,Verified,False
ACC100811,1639,Individual,Chennai,Verified,False
ACC100812,2031,Business,Ahmedabad,Verified,False
ACC100813,956,Individual,Chennai,Verified,False
ACC100814,1474,Individual,Ahmedabad,Verified,False
ACC100815,203,Business,Mumbai,Verified,False
ACC100816,856,Business,Bengaluru,Pending,False
ACC100817,1425,Business,Pune,Verified,False
ACC100818,1468,Business,Mumbai,Verified,False
ACC100819,2230,Individual,Pune,Pending,False
ACC100820,1678,Individual,Delhi,Verified,False
ACC100821,2383,Individual,Bengaluru,Verified,False
ACC100822,1443,Business,Delhi,Verified,False
ACC100823,1151,Business,Chennai,Verified,False
ACC100824,1820,Individual,Delhi,Pending,False
ACC100825,733,Individual,Chennai,Verified,False
ACC100826,234,Individual,Hyderabad,Verified,False
ACC100827,541,Business,Hyderabad,Pending,False
ACC100828,122,Business,Delhi,Verified,False
ACC100829,2197,Business,Kolkata,Pending,False
ACC100830,568,Individual,Mumbai,Pending,False
ACC100831,2058,Business,Pune,Pending,False
ACC100832,2147,Business,Pune,Verified,False
ACC100833,663,Individual,Ahmedabad,Verified,False
ACC100834,329,Individual,Kolkata,Verified,False
ACC100835,1583,Business,Hyderabad,Pending,False
ACC100836,1838,Business,Pune,Verified,False
ACC100837,1927,Business,Delhi,Pending,False
ACC100838,148,Business,Bengaluru,Verified,False
ACC100839,2036,Individual,Ahmedabad,Verified,False
ACC100840,2316,Individual,Delhi,Pending,False
ACC100841,911,Business,Bengaluru,Pending,False
ACC100842,699,Individual,Delhi,Verified,False
ACC100843,2049,Individual,Chennai,Verified,False
ACC100844,19,Business,Chennai,Verified,False
ACC100845,270,Business,Delhi,Verified,False
ACC100846,1952,Business,Chennai,Verified,False
ACC100847,1683,Business,Mumbai,Verified,False
ACC100848,2229,Individual,Hyderabad,Pending,False
ACC100849,2070,Individual,Delhi,Verified,False
ACC100850,1201,Business,Bengaluru,Verified,False
ACC100851,1629,Business,Mumbai,Pending,False
ACC100852,330,Individual,Ahmedabad,Verified,False
ACC100853,1352,Individual,Kolkata,Verified,False
ACC100854,1646,Individual,Mumbai,Verified,False
ACC100855,2386,Business,Chennai,Verified,False
ACC100856,2004,Business,Delhi,Verified,False
ACC100857,1953,Individual,Bengaluru,Verified,False
ACC100858,2048,Business,Pune,Verified,False
ACC100859,1128,Individual,Kolkata,Pending,False
ACC100860,1614,Individual,Mumbai,Verified,False
ACC100861,2375,Individual,Mumbai,Pending,False
ACC100862,245,Business,Kolkata,Verified,False
ACC100863,1979,Individual,Hyderabad,Verified,False
ACC100864,343,Individual,Hyderabad,Verified,False
ACC100865,1918,Individual,Chennai,Verified,False
ACC100866,385,Individual,Kolkata,Verified,False
ACC100867,1170,Individual,Hyderabad,Pending,False
ACC100868,1580,Business,Mumbai,Verified,False
ACC100869,1329,Business,Mumbai,Verified,False
ACC100870,1865,Business,Pune,Verified,False
ACC100871,1382,Business,Kolkata,Verified,False
ACC100872,882,Individual,Ahmedabad,Verified,False
ACC100873,1262,Individual,Mumbai,Verified,False
ACC100874,2327,Business,Hyderabad,Verified,False
ACC100875,1861,Individual,Kolkata,Verified,False
ACC100876,1324,Business,Kolkata,Pending,False
ACC100877,734,Individual,Delhi,Verified,False
ACC100878,2062,Individual,Chennai,Verified,False
ACC100879,87,Individual,Delhi,Verified,False
ACC100880,141,Business,Mumbai,Verified,False
ACC100881,610,Business,Hyderabad,Verified,False
ACC100882,1782,Individual,Mumbai,Pending,False
ACC100883,1075,Individual,Ahmedabad,Verified,False
ACC100884,2146,Business,Delhi,Verified,False
ACC100885,2459,Individual,Delhi,Verified,False
ACC100886,2353,Individual,Ahmedabad,Verified,False
ACC100887,1873,Business,Delhi,Verified,False
ACC100888,1328,Individual,Chennai,Verified,False
ACC100889,625,Individual,Pune,Pending,False
ACC100890,2479,Business,Mumbai,Verified,False
ACC100891,1898,Individual,Ahmedabad,Pending,False
ACC100892,1056,Business,Bengaluru,Pending,False
ACC100893,584,Individual,Pune,Verified,False
ACC100894,2200,Business,Mumbai,Verified,False
ACC100895,1002,Individual,Bengaluru,Verified,False
ACC100896,2202,Individual,Hyderabad,Verified,False
ACC100897,1258,Business,Pune,Pending,False
ACC100898,512,Individual,Delhi,Verified,False
ACC100899,2007,Business,Hyderabad,Verified,False
ACC100900,830,Individual,Kolkata,Verified,False
ACC100901,2161,Business,Mumbai,Verified,False
ACC100902,1980,Individual,Bengaluru,Verified,False
ACC100903,207,Individual,Bengaluru,Pending,False
ACC100904,1679,Individual,Ahmedabad,Verified,False
ACC100905,2448,Business,Pune,Verified,False
ACC100906,1212,Business,Bengaluru,Verified,False
ACC100907,1481,Individual,Chennai,Verified,False
ACC100908,1656,Individual,Ahmedabad,Verified,False
ACC100909,1702,Business,Hyderabad,Verified,False
ACC100910,1322,Individual,Bengaluru,Pending,False
ACC100911,2045,Individual,Hyderabad,Verified,False
ACC100912,487,Individual,Pune,Verified,False
ACC100913,1264,Business,Chennai,Verified,True
ACC100914,932,Individual,Hyderabad,Pending,False
ACC100915,429,Business,Bengaluru,Verified,False
ACC100916,2214,Business,Mumbai,Verified,False
ACC100917,1130,Individual,Kolkata,Verified,False
ACC100918,960,Business,Mumbai,Verified,False
ACC100919,2346,Individual,Kolkata,Verified,False
ACC100920,1287,Individual,Kolkata,Verified,False
ACC100921,2253,Individual,Chennai,Verified,False
ACC100922,1867,Business,Kolkata,Verified,False
ACC100923,526,Business,Ahmedabad,Verified,False
ACC100924,1668,Individual,Mumbai,Verified,False
ACC100925,1875,Individual,Mumbai,Verified,False
ACC100926,1151,Individual,Delhi,Pending,False
ACC100927,1942,Business,Pune,Pending,False
ACC100928,824,Individual,Pune,Verified,False
ACC100929,2285,Business,Chennai,Pending,False
ACC100930,1910,Business,Mumbai,Verified,False
ACC100931,2273,Individual,Chennai,Verified,False
ACC100932,2072,Individual,Pune,Verified,False
ACC100933,2104,Individual,Hyderabad,Verified,False
ACC100934,2381,Business,Bengaluru,Verified,False
ACC100935,139,Business,Delhi,Verified,False
ACC100936,104,Business,Ahmedabad,Verified,False
ACC100937,1965,Individual,Ahmedabad,Verified,False
ACC100938,803,Individual,Mumbai,Verified,False
ACC100939,1844,Individual,Hyderabad,Verified,False
ACC100940,2126,Individual,Kolkata,Verified,False
ACC100941,1693,Individual,Chennai,Verified,False
ACC100942,20,Individual,Mumbai,Verified,False
ACC100943,1875,Business,Delhi,Verified,False
ACC100944,721,Business,Mumbai,Verified,False
ACC100945,2080,Business,Bengaluru,Verified,False
ACC100946,824,Business,Kolkata,Pending,False
ACC100947,355,Individual,Kolkata,Pending,False
ACC100948,2359,Individual,Pune,Verified,False
ACC100949,372,Individual,Chennai,Verified,False
ACC100950,2453,Business,Delhi,Verified,False
ACC100951,2275,Individual,Chennai,Pending,False
ACC100952,2198,Business,Ahmedabad,Verified,False
ACC100953,994,Individual,Chennai,Pending,False
ACC100954,1649,Individual,Kolkata,Verified,False
ACC100955,837,Individual,Bengaluru,Pending,False
ACC100956,365,Business,Ahmedabad,Pending,False
ACC100957,1357,Business,Pune,Pending,False
ACC100958,1873,Business,Delhi,Verified,False
ACC100959,136,Business,Hyderabad,Verified,False
ACC100960,613,Business,Bengaluru,Pending,False
ACC100961,1938,Business,Hyderabad,Verified,False
ACC100962,1023,Individual,Hyderabad,Verified,False
ACC100963,60,Business,Bengaluru,Verified,False
ACC100964,1440,Business,Pune,Verified,False
ACC100965,1802,Individual,Hyderabad,Verified,False
ACC100966,1646,Business,Bengaluru,Verified,False
ACC100967,1655,Individual,Hyderabad,Pending,False
ACC100968,2477,Business,Delhi,Pending,False
ACC100969,1215,Individual,Mumbai,Verified,False
ACC100970,1864,Individual,Hyderabad,Verified,False
ACC100971,576,Business,Bengaluru,Verified,False
ACC100972,2428,Individual,Delhi,Verified,False
ACC100973,945,Individual,Pune,Verified,False
ACC100974,1944,Individual,Delhi,Verified,False
ACC100975,1342,Individual,Pune,Verified,False
ACC100976,211,Business,Kolkata,Verified,False
ACC100977,2370,Business,Chennai,Verified,False
ACC100978,126,Individual,Delhi,Pending,False
ACC100979,946,Business,Pune,Verified,False
ACC100980,584,Business,Hyderabad,Verified,False
ACC100981,2301,Business,Chennai,Verified,False
ACC100982,546,Individual,Delhi,Verified,False
ACC100983,1635,Business,Bengaluru,Verified,False
ACC100984,2132,Business,Hyderabad,Verified,False
ACC100985,395,Business,Delhi,Verified,False
ACC100986,484,Individual,Hyderabad,Verified,False
ACC100987,427,Business,Delhi,Verified,False
ACC100988,2404,Business,Ahmedabad,Verified,False
ACC100989,948,Business,Hyderabad,Verified,False
ACC100990,964,Individual,Pune,Verified,False
ACC100991,885,Individual,Bengaluru,Verified,False
ACC100992,772,Business,Ahmedabad,Pending,False
ACC100993,1212,Individual,Kolkata,Pending,False
ACC100994,1215,Business,Pune,Pending,False
ACC100995,673,Individual,Ahmedabad,Verified,False
ACC100996,34,Individual,Ahmedabad,Verified,False
ACC100997,2000,Individual,Chennai,Verified,False
ACC100998,1213,Business,Chennai,Verified,False
ACC100999,719,Individual,Pune,Verified,False
