account_id,account_age_days,customer_type,city,kyc_status,is_mule,incoming_count,unique_senders,total_received,outgoing_count,unique_receivers,total_sent,transaction_velocity,unique_devices,risk_score,risk_level
ACC100733,1286,Business,Ahmedabad,Verified,True,18,18,111514.77,11,11,96094.95999999999,18,18,95,HIGH
ACC100718,2306,Individual,Kolkata,Verified,True,22,22,145675.92,15,15,174280.49,22,20,95,HIGH
ACC100711,2290,Individual,Bengaluru,Verified,False,17,17,153849.33000000002,19,19,64849.689999999995,17,16,95,HIGH
ACC100665,2155,Business,Kolkata,Verified,True,22,22,139766.63,14,13,216684.73,22,21,95,HIGH
ACC100654,772,Individual,Mumbai,Verified,True,24,23,173537.98,15,15,152825.44,24,23,95,HIGH
ACC100913,1264,Business,Chennai,Verified,True,28,28,159675.02,12,12,125590.09,28,28,95,HIGH
ACC100089,1708,Individual,Ahmedabad,Verified,True,18,18,129268.04000000001,17,17,129418.31,18,18,95,HIGH
ACC100250,347,Individual,Pune,Verified,True,22,22,148822.77,14,14,140965.51,22,21,95,HIGH
ACC100114,216,Business,Pune,Verified,True,19,19,133810.42,12,12,132467.51,19,17,95,HIGH
ACC100238,596,Business,Ahmedabad,Pending,True,24,24,133872.66,11,11,123633.36,24,23,95,HIGH
ACC100228,1193,Individual,Kolkata,Pending,True,20,20,102783.35,12,12,102652.05,20,20,95,HIGH
ACC100203,1544,Business,Pune,Verified,True,27,26,150959.17,14,14,103249.37,27,27,95,HIGH
ACC100398,2151,Individual,Pune,Verified,False,15,15,19299.88,11,11,28249.96,15,15,95,HIGH
ACC100030,199,Individual,Ahmedabad,Verified,True,25,25,185703.91999999998,9,9,145566.8,25,24,85,HIGH
ACC100027,2057,Individual,Chennai,Verified,True,22,22,105060.94,9,9,94518.08,22,21,85,HIGH
ACC100758,2085,Individual,Hyderabad,Verified,True,26,26,134049.53,6,6,122695.48999999999,26,24,85,HIGH
ACC100604,1834,Individual,Delhi,Pending,True,29,29,158759.03,8,7,142240.81,29,27,85,HIGH
ACC100558,824,Business,Pune,Verified,True,22,22,133680.74,8,8,101982.01,22,21,85,HIGH
ACC100104,2156,Individual,Hyderabad,Verified,True,24,24,119440.77,9,9,84360.44,24,24,85,HIGH
ACC100741,37,Individual,Kolkata,Verified,False,16,16,24800.24,12,12,60656.37,16,14,80,HIGH
ACC100327,45,Business,Kolkata,Verified,False,16,15,22667.12,12,12,25654.559999999998,16,15,80,HIGH
ACC100054,1031,Business,Mumbai,Verified,False,13,13,20866.08,15,15,32316.809999999998,13,12,80,HIGH
ACC100727,346,Business,Delhi,Pending,False,16,16,24070.14,15,15,46682.4,16,14,70,HIGH
ACC100704,1979,Individual,Hyderabad,Verified,False,20,20,36910.94,12,12,23745.809999999998,20,20,70,HIGH
ACC100682,1363,Business,Chennai,Verified,False,15,15,24322.420000000002,13,13,28295.1,15,15,70,HIGH
ACC100616,1643,Business,Mumbai,Verified,True,20,19,88922.73,11,11,69671.17,20,19,70,HIGH
ACC100608,1272,Individual,Pune,Verified,False,15,15,21758.65,12,11,25809.6,15,15,70,HIGH
ACC100400,967,Business,Mumbai,Verified,False,18,18,18014.5,12,12,40837.59,18,18,70,HIGH
ACC100414,2499,Business,Ahmedabad,Pending,False,15,15,20429.63,13,12,28236.6,15,15,70,HIGH
ACC100887,1873,Business,Delhi,Verified,False,21,20,31832.2,14,14,44644.64,21,21,70,HIGH
ACC100910,1322,Individual,Bengaluru,Pending,False,17,16,35217.26,15,15,15896.02,17,17,70,HIGH
ACC100569,1559,Individual,Kolkata,Verified,False,17,17,56360.89,14,14,34845.91,17,17,70,HIGH
ACC100574,1363,Business,Hyderabad,Verified,True,22,22,106342.51,13,13,103823.82,22,21,70,HIGH
ACC100588,1234,Business,Ahmedabad,Verified,False,15,14,22075.16,10,10,20405.28,15,15,70,HIGH
ACC100423,905,Individual,Pune,Verified,False,17,17,56006.5,10,10,14444.619999999999,17,17,70,HIGH
ACC100445,427,Business,Ahmedabad,Pending,False,20,20,54522.5,14,14,35237.08,20,20,70,HIGH
ACC100757,494,Business,Kolkata,Verified,False,19,19,47753.119999999995,15,14,21668.88,19,19,70,HIGH
ACC100025,484,Individual,Pune,Verified,True,16,16,103015.25,18,18,117445.61,16,16,70,HIGH
ACC100734,1725,Business,Mumbai,Verified,False,17,17,29861.02,13,13,31068.31,17,16,70,HIGH
ACC100646,447,Business,Mumbai,Verified,False,16,15,29001.260000000002,11,11,23502.66,16,16,70,HIGH
ACC100049,785,Business,Mumbai,Verified,False,18,17,32368.940000000002,11,11,48061.53,18,18,70,HIGH
ACC100702,102,Business,Bengaluru,Pending,False,18,18,63632.29,11,11,24668.86,18,17,70,HIGH
ACC100738,735,Individual,Pune,Pending,False,15,15,43266.38,12,12,25175.94,15,15,70,HIGH
ACC100032,1909,Individual,Kolkata,Verified,True,26,25,166552.89,14,14,161520.86,26,24,70,HIGH
ACC100801,929,Individual,Ahmedabad,Verified,False,12,12,25479.79,9,9,16729.67,12,12,70,HIGH
ACC100805,1765,Individual,Ahmedabad,Verified,False,17,17,45921.12,15,15,50085.46,17,17,70,HIGH
ACC100986,484,Individual,Hyderabad,Verified,False,15,15,23901.96,10,10,49938.01,15,15,70,HIGH
ACC100996,34,Individual,Ahmedabad,Verified,False,16,16,131774.21,8,8,14550.54,16,16,70,HIGH
ACC100145,1316,Business,Kolkata,Pending,False,17,17,21980.56,13,13,34484.24,17,15,70,HIGH
ACC100142,2247,Individual,Ahmedabad,Verified,True,15,15,110511.1,13,13,103857.63,15,15,70,HIGH
ACC100281,462,Business,Pune,Pending,True,21,21,176637.91,11,11,142541.0,21,21,70,HIGH
ACC100194,618,Business,Hyderabad,Verified,False,17,17,65006.26,14,14,41054.92,17,16,70,HIGH
ACC100197,1804,Individual,Hyderabad,Pending,False,16,16,53980.52,15,15,38111.57,16,16,70,HIGH
ACC100190,2337,Individual,Mumbai,Verified,False,17,17,47285.020000000004,11,11,12466.77,17,17,70,HIGH
ACC100229,2066,Business,Chennai,Verified,False,19,19,62790.39,13,13,31900.3,19,18,70,HIGH
ACC100257,825,Individual,Bengaluru,Verified,False,16,16,27111.15,16,16,50580.68,16,16,70,HIGH
ACC100954,1649,Individual,Kolkata,Verified,False,16,15,31321.94,10,10,32369.22,16,16,70,HIGH
ACC100307,1826,Business,Delhi,Verified,False,15,15,58444.33,15,15,32256.109999999997,15,14,70,HIGH
ACC100386,906,Business,Bengaluru,Verified,False,16,15,38866.42,13,13,20359.43,16,16,70,HIGH
ACC100095,2098,Business,Bengaluru,Verified,True,23,23,122828.85,14,13,105777.92,23,23,70,HIGH
ACC100541,1968,Individual,Pune,Verified,False,18,18,43094.049999999996,13,13,24150.18,18,17,70,HIGH
ACC100432,1301,Individual,Mumbai,Pending,True,12,12,68700.84,6,6,76512.72,12,12,70,HIGH
ACC100877,734,Individual,Delhi,Verified,False,15,15,39658.74,10,10,32121.42,15,15,70,HIGH
ACC100947,355,Individual,Kolkata,Pending,False,17,16,75459.27,11,11,17327.829999999998,17,17,70,HIGH
ACC100940,2126,Individual,Kolkata,Verified,False,15,15,22782.99,14,14,27151.87,15,14,70,HIGH
ACC100223,890,Business,Chennai,Pending,True,24,24,141212.05,13,13,135256.28,24,24,70,HIGH
ACC100612,72,Business,Chennai,Verified,False,12,12,18134.57,13,13,46760.409999999996,12,11,65,HIGH
ACC100585,50,Individual,Hyderabad,Verified,False,12,12,49146.94,13,12,26688.16,12,12,65,HIGH
ACC100647,2175,Business,Delhi,Verified,False,11,11,41107.33,15,15,41373.97,11,11,65,HIGH
ACC100689,52,Business,Hyderabad,Pending,False,12,12,22391.86,12,12,12941.37,12,12,65,HIGH
ACC100221,633,Individual,Mumbai,Pending,False,11,11,19556.74,12,12,27253.690000000002,11,11,65,HIGH
ACC100329,29,Business,Ahmedabad,Verified,False,14,14,11825.99,10,10,23328.8,14,14,65,HIGH
ACC100696,909,Business,Delhi,Verified,False,17,17,41988.85,4,4,4688.08,17,16,60,HIGH
ACC100709,691,Individual,Mumbai,Pending,False,16,16,21412.69,3,3,10537.11,16,15,60,HIGH
ACC100716,1763,Business,Bengaluru,Verified,False,15,15,18588.11,8,8,10774.95,15,15,60,HIGH
ACC100754,1916,Business,Delhi,Pending,True,21,20,153891.01,9,9,116044.18,21,21,60,HIGH
ACC100760,1072,Business,Chennai,Verified,False,17,17,40870.74,7,7,12410.560000000001,17,16,60,HIGH
ACC100759,723,Individual,Ahmedabad,Verified,True,27,26,152792.44,9,9,114196.77,27,24,60,HIGH
ACC100812,2031,Business,Ahmedabad,Verified,False,21,21,52064.17,6,6,28212.66,21,21,60,HIGH
ACC100605,383,Individual,Bengaluru,Pending,False,15,15,26354.63,5,5,4091.98,15,15,60,HIGH
ACC100639,1833,Individual,Bengaluru,Pending,False,15,15,52264.619999999995,7,7,10526.32,15,14,60,HIGH
ACC100673,1368,Individual,Hyderabad,Verified,False,15,15,18961.149999999998,9,9,25866.66,15,14,60,HIGH
ACC100692,770,Business,Delhi,Verified,True,17,17,86958.61,7,7,97230.23999999999,17,16,60,HIGH
ACC100086,1172,Individual,Hyderabad,Verified,False,16,16,46270.96,9,9,26455.78,16,16,60,HIGH
ACC100838,148,Business,Bengaluru,Verified,False,17,16,33566.659999999996,5,5,9777.78,17,16,60,HIGH
ACC100635,1479,Business,Delhi,Pending,False,15,15,35536.65,8,8,38228.479999999996,15,13,60,HIGH
ACC100687,214,Individual,Chennai,Pending,False,18,18,57123.520000000004,6,6,14257.49,18,17,60,HIGH
ACC100070,347,Individual,Delhi,Pending,False,17,17,43631.409999999996,6,6,22083.2,17,17,60,HIGH
ACC100884,2146,Business,Delhi,Verified,False,19,18,43834.97,5,5,16155.02,19,18,60,HIGH
ACC100870,1865,Business,Pune,Verified,False,16,16,145519.78999999998,8,8,40152.11,16,15,60,HIGH
ACC100564,1260,Business,Delhi,Verified,False,16,16,14121.97,7,7,9917.41,16,15,60,HIGH
ACC100956,365,Business,Ahmedabad,Pending,False,18,18,34812.81,7,7,33060.95,18,18,60,HIGH
ACC100517,509,Individual,Hyderabad,Pending,True,17,17,99338.44,7,7,88881.68000000001,17,17,60,HIGH
ACC100514,1398,Individual,Chennai,Verified,False,17,17,55479.240000000005,6,6,17289.57,17,17,60,HIGH
ACC100444,1635,Business,Ahmedabad,Verified,False,15,15,27668.97,8,8,12264.91,15,15,60,HIGH
ACC100907,1481,Individual,Chennai,Verified,False,17,17,27333.18,6,6,19000.2,17,17,60,HIGH
ACC100326,1539,Individual,Kolkata,Verified,False,15,15,25186.55,7,7,9237.73,15,15,60,HIGH
ACC100408,1322,Individual,Mumbai,Verified,False,16,16,18830.73,9,9,18491.079999999998,16,16,60,HIGH
ACC100417,1358,Business,Ahmedabad,Verified,False,17,17,48521.18,9,9,17643.86,17,17,60,HIGH
ACC100251,966,Business,Mumbai,Pending,False,18,18,51105.869999999995,7,7,40646.8,18,18,60,HIGH
ACC100204,156,Business,Chennai,Verified,False,15,15,25642.36,8,8,23024.42,15,15,60,HIGH
ACC100226,2311,Individual,Delhi,Verified,False,16,16,97124.66,7,7,10219.57,16,16,60,HIGH
ACC100112,880,Business,Chennai,Verified,False,17,17,41009.26,6,6,3358.75,17,17,60,HIGH
ACC100212,1812,Business,Bengaluru,Verified,False,15,15,24314.519999999997,6,6,13467.18,15,15,60,HIGH
ACC100119,573,Business,Pune,Verified,False,16,16,34048.77,8,8,9323.45,16,16,60,HIGH
ACC100131,1607,Business,Ahmedabad,Pending,False,16,16,21865.079999999998,4,4,21626.579999999998,16,15,60,HIGH
ACC100135,1373,Business,Hyderabad,Verified,False,17,17,33880.21,9,9,29352.63,17,17,60,HIGH
ACC100175,2442,Individual,Delhi,Pending,False,16,16,15529.99,7,7,17552.48,16,15,60,HIGH
ACC100992,772,Business,Ahmedabad,Pending,False,17,17,27935.73,8,8,16924.72,17,15,60,HIGH
ACC100997,2000,Individual,Chennai,Verified,False,15,15,91776.47,8,8,40377.84,15,15,60,HIGH
ACC100982,546,Individual,Delhi,Verified,False,15,15,35916.32,9,9,28022.29,15,15,60,HIGH
ACC100000,870,Individual,Bengaluru,Verified,False,13,13,32790.65,10,10,23055.79,13,12,55,MEDIUM
ACC100002,1140,Individual,Mumbai,Pending,False,13,13,57207.770000000004,10,10,53453.5,13,13,55,MEDIUM
ACC100003,1105,Individual,Bengaluru,Verified,False,14,14,38701.81,14,14,33831.86,14,13,55,MEDIUM
ACC100777,1503,Business,Hyderabad,Pending,False,14,14,31866.67,14,14,28678.93,14,13,55,MEDIUM
ACC100779,632,Business,Ahmedabad,Verified,False,10,10,18699.7,7,7,19482.74,10,9,55,MEDIUM
ACC100143,1418,Individual,Mumbai,Pending,False,14,14,23029.81,11,11,38735.77,14,14,55,MEDIUM
ACC100463,1558,Business,Mumbai,Verified,False,13,13,130259.84,11,11,20284.25,13,13,55,MEDIUM
ACC100459,1018,Individual,Chennai,Pending,False,12,12,15460.54,12,12,42838.34,12,11,55,MEDIUM
ACC100440,763,Individual,Delhi,Pending,False,12,12,14296.06,12,12,31878.62,12,11,55,MEDIUM
ACC100886,2353,Individual,Ahmedabad,Verified,False,14,14,27369.35,14,14,36192.82,14,13,55,MEDIUM
ACC100468,1306,Individual,Chennai,Pending,False,13,13,55895.0,11,11,28631.26,13,13,55,MEDIUM
ACC100474,406,Individual,Pune,Verified,False,13,12,7416.33,14,14,44774.95,13,13,55,MEDIUM
ACC100743,374,Business,Ahmedabad,Verified,False,12,12,26852.66,12,11,34689.81,12,11,55,MEDIUM
ACC100770,76,Individual,Chennai,Verified,False,12,12,20456.69,9,9,14600.49,12,12,55,MEDIUM
ACC100768,2082,Individual,Kolkata,Verified,False,13,13,17175.68,12,12,19824.66,13,12,55,MEDIUM
ACC100767,2202,Individual,Pune,Verified,False,14,14,38191.96,13,12,35374.729999999996,14,14,55,MEDIUM
ACC100139,1539,Business,Ahmedabad,Pending,False,13,12,34793.45,13,13,22108.61,13,13,55,MEDIUM
ACC100165,1301,Individual,Kolkata,Verified,False,13,13,28511.52,11,11,21026.43,13,13,55,MEDIUM
ACC100162,1530,Business,Pune,Pending,False,13,13,38721.82,10,10,14188.66,13,13,55,MEDIUM
ACC100157,2008,Individual,Kolkata,Pending,False,12,12,15853.38,15,15,32968.93,12,12,55,MEDIUM
ACC100473,1375,Business,Pune,Verified,False,14,14,28414.66,14,14,36728.03,14,13,55,MEDIUM
ACC100490,1072,Individual,Kolkata,Verified,False,13,12,24486.760000000002,14,13,37295.1,13,13,55,MEDIUM
ACC100426,1697,Individual,Pune,Verified,False,12,12,137381.28,14,14,26034.09,12,10,55,MEDIUM
ACC100425,861,Business,Bengaluru,Verified,False,13,13,35337.11,11,11,15085.02,13,13,55,MEDIUM
ACC100454,1902,Business,Bengaluru,Pending,False,14,14,32151.5,12,12,38084.009999999995,14,14,55,MEDIUM
ACC100451,422,Business,Ahmedabad,Verified,False,13,12,71504.44,12,12,23411.22,13,12,55,MEDIUM
ACC100447,626,Individual,Hyderabad,Verified,False,14,13,39102.36,10,10,53155.92,14,13,55,MEDIUM
ACC100816,856,Business,Bengaluru,Pending,False,13,13,19588.87,15,15,27819.41,13,13,55,MEDIUM
ACC100813,956,Individual,Chennai,Verified,False,13,13,18616.34,12,12,22090.09,13,12,55,MEDIUM
ACC100756,1664,Individual,Pune,Pending,False,13,13,28370.55,11,11,24518.25,13,13,55,MEDIUM
ACC100177,1163,Business,Pune,Verified,False,13,12,20455.81,12,12,28674.800000000003,13,12,55,MEDIUM
ACC100167,708,Business,Kolkata,Verified,False,14,14,27168.5,15,15,31729.86,14,14,55,MEDIUM
ACC100752,1784,Business,Delhi,Verified,False,14,14,35125.09,11,11,16149.91,14,14,55,MEDIUM
ACC100746,892,Business,Mumbai,Verified,False,14,14,13137.07,14,14,27336.31,14,14,55,MEDIUM
ACC100441,2092,Individual,Kolkata,Verified,False,12,12,19121.91,11,11,7847.37,12,12,55,MEDIUM
ACC100488,1502,Business,Delhi,Pending,False,13,13,12451.77,12,12,47350.95,13,13,55,MEDIUM
ACC100507,1426,Individual,Delhi,Pending,False,13,13,19528.1,11,11,14895.150000000001,13,13,55,MEDIUM
ACC100865,1918,Individual,Chennai,Verified,False,13,13,16486.83,11,11,24467.1,13,13,55,MEDIUM
ACC100958,1873,Business,Delhi,Verified,False,12,12,25535.0,13,12,19174.379999999997,12,12,55,MEDIUM
ACC100415,1641,Individual,Bengaluru,Verified,False,14,14,23970.539999999997,12,12,20719.809999999998,14,14,55,MEDIUM
ACC100411,2080,Business,Mumbai,Pending,False,12,12,40616.71,14,14,52529.25,12,12,55,MEDIUM
ACC100410,366,Business,Pune,Verified,False,13,13,18065.96,10,10,18008.100000000002,13,13,55,MEDIUM
ACC100185,212,Business,Ahmedabad,Verified,False,14,14,136709.69,15,15,23799.2,14,13,55,MEDIUM
ACC100105,1905,Business,Kolkata,Verified,False,13,13,19400.66,11,11,54380.59,13,13,55,MEDIUM
ACC100132,805,Business,Hyderabad,Pending,False,12,12,49893.590000000004,10,10,13311.92,12,12,55,MEDIUM
ACC100407,1645,Business,Hyderabad,Verified,False,13,13,21449.28,11,10,33338.62,13,12,55,MEDIUM
ACC100435,1076,Business,Ahmedabad,Verified,False,14,14,46498.270000000004,11,11,132437.85,14,14,55,MEDIUM
ACC100420,1792,Business,Mumbai,Verified,False,12,11,24412.08,13,12,37498.6,12,12,55,MEDIUM
ACC100859,1128,Individual,Kolkata,Pending,False,12,12,42476.74,13,13,28924.789999999997,12,11,55,MEDIUM
ACC100531,182,Individual,Delhi,Verified,False,12,12,42627.77,11,11,28418.97,12,12,55,MEDIUM
ACC100529,1891,Individual,Chennai,Verified,False,14,14,40892.48,11,11,23279.16,14,14,55,MEDIUM
ACC100406,560,Individual,Mumbai,Verified,False,13,13,26843.559999999998,11,11,41889.67,13,13,55,MEDIUM
ACC100402,1237,Business,Chennai,Verified,False,12,12,46490.259999999995,11,11,44105.119999999995,12,12,55,MEDIUM
ACC100524,1820,Business,Delhi,Verified,False,12,12,27173.38,10,10,22955.5,12,11,55,MEDIUM
ACC100519,520,Business,Delhi,Verified,False,14,14,40959.16,12,12,51089.119999999995,14,14,55,MEDIUM
ACC100546,514,Individual,Mumbai,Verified,False,12,12,21984.87,10,10,13020.78,12,12,55,MEDIUM
ACC100535,1091,Individual,Ahmedabad,Verified,False,12,12,68710.05,17,17,36815.65,12,11,55,MEDIUM
ACC100367,840,Individual,Hyderabad,Verified,False,12,12,16821.149999999998,10,10,26356.34,12,11,55,MEDIUM
ACC100215,1448,Business,Ahmedabad,Pending,False,14,13,15372.5,10,9,17496.43,14,13,55,MEDIUM
ACC100044,2051,Individual,Ahmedabad,Verified,False,14,14,11377.15,16,14,29340.05,14,14,55,MEDIUM
ACC100042,2071,Business,Chennai,Verified,False,12,12,126939.1,11,11,49599.2,12,12,55,MEDIUM
ACC100715,1111,Business,Bengaluru,Verified,False,14,14,37296.68,13,12,38982.7,14,14,55,MEDIUM
ACC100714,1978,Individual,Hyderabad,Pending,False,13,13,18686.46,14,14,23832.379999999997,13,13,55,MEDIUM
ACC100713,2403,Business,Mumbai,Verified,False,12,12,44721.31,13,13,33103.93,12,12,55,MEDIUM
ACC100937,1965,Individual,Ahmedabad,Verified,False,13,13,43106.020000000004,13,13,75750.66,13,13,55,MEDIUM
ACC100365,666,Business,Kolkata,Verified,False,12,12,36626.06,10,10,18721.44,12,12,55,MEDIUM
ACC100390,590,Business,Mumbai,Verified,False,13,13,25313.73,12,12,39102.74,13,13,55,MEDIUM
ACC100382,1129,Business,Ahmedabad,Pending,False,12,12,18758.88,18,17,26275.12,12,11,55,MEDIUM
ACC100559,1182,Business,Bengaluru,Verified,False,12,12,19621.61,10,10,26131.32,12,12,55,MEDIUM
ACC100854,1646,Individual,Mumbai,Verified,False,14,14,32107.219999999998,11,11,29849.59,14,14,55,MEDIUM
ACC100851,1629,Business,Mumbai,Pending,False,14,14,16926.46,13,13,18370.15,14,14,55,MEDIUM
ACC100372,750,Individual,Chennai,Verified,False,12,12,16149.550000000001,13,13,16108.91,12,12,55,MEDIUM
ACC100703,681,Individual,Mumbai,Verified,False,13,13,24512.22,14,14,21041.600000000002,13,12,55,MEDIUM
ACC100699,290,Individual,Ahmedabad,Pending,False,14,14,40323.28,11,11,28283.82,14,14,55,MEDIUM
ACC100046,2149,Individual,Chennai,Pending,False,13,13,29368.93,13,12,20958.5,13,13,55,MEDIUM
ACC100202,1996,Business,Ahmedabad,Verified,False,12,12,31328.35,10,10,14121.34,12,12,55,MEDIUM
ACC100199,1965,Business,Ahmedabad,Verified,False,12,12,27259.1,10,9,12736.04,12,12,55,MEDIUM
ACC100847,1683,Business,Mumbai,Verified,False,12,12,18824.02,12,12,34940.41,12,12,55,MEDIUM
ACC100081,74,Business,Chennai,Verified,False,14,14,35371.909999999996,8,8,18451.73,14,14,55,MEDIUM
ACC100078,502,Individual,Mumbai,Verified,False,13,13,18709.1,12,12,24693.48,13,13,55,MEDIUM
ACC100328,694,Individual,Pune,Verified,False,13,13,31280.87,13,13,58919.030000000006,13,13,55,MEDIUM
ACC100349,1087,Business,Kolkata,Verified,False,13,13,31722.09,13,13,41353.49,13,13,55,MEDIUM
ACC100348,847,Individual,Bengaluru,Pending,False,13,13,34090.57,14,14,22435.879999999997,13,13,55,MEDIUM
ACC100345,2362,Business,Ahmedabad,Verified,False,12,12,26089.82,12,12,20272.9,12,12,55,MEDIUM
ACC100576,367,Individual,Hyderabad,Verified,False,12,12,36997.8,10,10,13680.630000000001,12,11,55,MEDIUM
ACC100318,1510,Individual,Hyderabad,Pending,False,12,12,49032.15,10,10,29762.019999999997,12,11,55,MEDIUM
ACC100341,584,Individual,Pune,Verified,False,14,14,25083.79,13,13,36046.06,14,14,55,MEDIUM
ACC100258,1537,Individual,Chennai,Verified,False,13,13,14308.51,12,12,31446.4,13,12,55,MEDIUM
ACC100952,2198,Business,Ahmedabad,Verified,False,13,13,30374.79,16,16,64075.11,13,13,55,MEDIUM
ACC100118,873,Business,Bengaluru,Verified,False,13,13,38298.78,10,10,60869.770000000004,13,12,55,MEDIUM
ACC100681,2241,Business,Ahmedabad,Verified,False,14,14,37850.79,12,12,19651.59,14,14,55,MEDIUM
ACC100679,806,Individual,Hyderabad,Pending,False,14,13,35295.36,13,13,54085.950000000004,14,14,55,MEDIUM
ACC100706,1038,Business,Mumbai,Verified,False,13,13,18541.85,10,10,20856.61,13,13,55,MEDIUM
ACC100591,934,Individual,Chennai,Verified,False,14,14,24429.25,10,10,12681.6,14,14,55,MEDIUM
ACC100590,2046,Business,Kolkata,Verified,False,13,13,53544.56,10,10,22517.55,13,13,55,MEDIUM
ACC100613,1250,Individual,Pune,Verified,False,13,13,16796.52,14,14,19552.67,13,13,55,MEDIUM
ACC100301,2310,Individual,Kolkata,Verified,False,13,13,17061.760000000002,11,11,64605.76,13,11,55,MEDIUM
ACC100600,807,Individual,Delhi,Pending,False,13,13,23939.65,12,12,40952.41,13,13,55,MEDIUM
ACC100625,1903,Business,Pune,Verified,False,12,11,32742.21,16,16,64165.27,12,12,55,MEDIUM
ACC100911,2045,Individual,Hyderabad,Verified,False,12,12,24078.89,16,16,44776.9,12,12,55,MEDIUM
ACC100909,1702,Business,Hyderabad,Verified,False,13,13,28952.34,14,14,29541.38,13,13,55,MEDIUM
ACC100645,683,Business,Mumbai,Verified,False,14,14,32467.8,12,12,17263.15,14,14,55,MEDIUM
ACC100644,259,Business,Ahmedabad,Pending,False,13,13,20411.69,10,10,23122.72,13,13,55,MEDIUM
ACC100641,2152,Individual,Ahmedabad,Verified,False,13,13,30378.2,13,13,30971.2,13,13,55,MEDIUM
ACC100640,2091,Business,Mumbai,Verified,False,13,13,25496.29,10,10,71622.09,13,13,55,MEDIUM
ACC100660,2132,Individual,Chennai,Verified,False,14,14,27906.71,13,13,44475.27,14,13,55,MEDIUM
ACC100655,1858,Individual,Ahmedabad,Verified,False,13,13,18318.989999999998,13,13,72971.47,13,13,55,MEDIUM
ACC100651,1087,Business,Delhi,Verified,False,13,13,28327.88,10,10,12741.52,13,12,55,MEDIUM
ACC100649,277,Business,Kolkata,Pending,False,12,12,28412.719999999998,11,11,28533.23,12,12,55,MEDIUM
ACC100648,780,Individual,Bengaluru,Verified,False,13,13,39374.44,16,16,50575.37,13,13,55,MEDIUM
ACC100677,2138,Business,Bengaluru,Verified,False,12,12,21045.35,16,16,24459.28,12,12,55,MEDIUM
ACC100276,235,Individual,Ahmedabad,Verified,False,13,13,50890.770000000004,10,10,10963.7,13,13,55,MEDIUM
ACC100663,773,Business,Ahmedabad,Verified,False,14,14,9683.9,12,12,14991.76,14,14,55,MEDIUM
ACC100837,1927,Business,Delhi,Pending,False,12,12,23115.45,10,10,19505.800000000003,12,12,55,MEDIUM
ACC100831,2058,Business,Pune,Pending,False,13,13,25573.75,11,11,16396.95,13,12,55,MEDIUM
ACC100830,568,Individual,Mumbai,Pending,False,12,12,19336.059999999998,16,16,65118.39,12,12,55,MEDIUM
ACC100826,234,Individual,Hyderabad,Verified,False,14,14,29074.29,17,16,28721.53,14,14,55,MEDIUM
ACC100266,964,Business,Pune,Verified,False,14,14,36550.52,12,12,17813.64,14,13,55,MEDIUM
ACC100674,1029,Business,Kolkata,Verified,False,13,13,33561.28,12,12,20979.0,13,13,55,MEDIUM
ACC100672,175,Individual,Ahmedabad,Verified,False,12,12,25843.42,12,12,33072.44,12,11,55,MEDIUM
ACC100670,1341,Individual,Kolkata,Verified,False,12,12,17283.67,11,11,33332.44,12,11,55,MEDIUM
ACC100108,1495,Business,Kolkata,Verified,False,13,12,16400.69,12,12,39062.880000000005,13,13,55,MEDIUM
ACC100256,1310,Business,Ahmedabad,Pending,False,12,12,19026.76,10,9,40140.61,12,12,55,MEDIUM
ACC100255,407,Individual,Chennai,Verified,False,12,12,27857.760000000002,12,12,29482.43,12,11,55,MEDIUM
ACC100978,126,Individual,Delhi,Pending,False,14,14,21762.58,17,17,22037.99,14,14,55,MEDIUM
ACC100972,2428,Individual,Delhi,Verified,False,12,12,29164.739999999998,11,11,26194.02,12,12,55,MEDIUM
ACC100797,768,Individual,Hyderabad,Verified,False,13,13,30912.22,10,10,8216.53,13,13,55,MEDIUM
ACC100984,2132,Business,Hyderabad,Verified,False,13,13,25831.42,11,10,25270.4,13,13,55,MEDIUM
ACC100983,1635,Business,Bengaluru,Verified,False,13,12,31475.38,11,11,24680.24,13,13,55,MEDIUM
ACC100016,2443,Individual,Mumbai,Pending,False,12,12,36679.5,12,12,28865.12,12,12,55,MEDIUM
ACC100015,1525,Individual,Chennai,Verified,False,12,11,27662.03,11,11,39555.03,12,12,55,MEDIUM
ACC100013,779,Individual,Chennai,Verified,False,12,12,14467.84,10,10,22471.91,12,12,55,MEDIUM
ACC100152,658,Individual,Hyderabad,Pending,False,13,13,38906.130000000005,15,15,37567.28,13,13,55,MEDIUM
ACC100790,2334,Individual,Delhi,Verified,False,12,12,16787.45,15,15,13049.5,12,11,55,MEDIUM
ACC100969,1215,Individual,Mumbai,Verified,False,13,13,43302.590000000004,13,13,47572.84,13,13,55,MEDIUM
ACC100038,1307,Individual,Mumbai,Verified,False,14,14,15177.96,11,10,23140.64,14,14,55,MEDIUM
ACC100006,476,Business,Chennai,Verified,False,13,13,33089.44,12,12,28482.33,13,13,55,MEDIUM
ACC100340,60,Individual,Bengaluru,Verified,False,10,10,27594.81,13,12,27316.510000000002,10,10,50,MEDIUM
ACC100726,57,Individual,Pune,Pending,False,11,11,27541.35,10,10,36600.25,11,9,50,MEDIUM
ACC100737,65,Individual,Mumbai,Verified,False,11,11,35576.3,14,14,56889.56,11,11,50,MEDIUM
ACC100806,84,Individual,Kolkata,Pending,False,10,10,10266.16,21,21,63166.479999999996,10,10,50,MEDIUM
ACC100971,576,Business,Bengaluru,Verified,False,13,13,25680.54,8,8,9196.67,13,13,45,MEDIUM
ACC100034,1538,Business,Bengaluru,Verified,False,14,14,12574.71,7,7,8328.91,14,14,45,MEDIUM
ACC100970,1864,Individual,Hyderabad,Verified,False,13,13,81105.91,6,6,10335.45,13,12,45,MEDIUM
ACC100994,1215,Business,Pune,Pending,False,12,11,17718.56,8,8,53571.78,12,12,45,MEDIUM
ACC100787,1999,Individual,Ahmedabad,Pending,False,12,12,6799.29,8,8,10291.17,12,11,45,MEDIUM
ACC100011,140,Business,Chennai,Verified,False,12,12,56525.55,8,8,7432.24,12,12,45,MEDIUM
ACC100290,2156,Individual,Delhi,Verified,False,14,14,36049.37,7,7,37372.06,14,14,45,MEDIUM
ACC100294,311,Individual,Ahmedabad,Verified,False,13,13,20243.16,4,4,4471.469999999999,13,12,45,MEDIUM
ACC100260,1425,Individual,Ahmedabad,Verified,False,13,13,33529.920000000006,8,8,10042.970000000001,13,13,45,MEDIUM
ACC100233,413,Individual,Hyderabad,Verified,False,14,14,39610.7,7,7,11884.87,14,14,45,MEDIUM
ACC100064,2327,Business,Delhi,Verified,False,12,12,25525.26,5,5,15518.95,12,12,45,MEDIUM
ACC100017,1225,Business,Ahmedabad,Verified,False,13,13,19339.67,9,9,9458.130000000001,13,13,45,MEDIUM
ACC100014,2401,Individual,Mumbai,Verified,False,13,13,124183.58000000002,9,9,21744.37,13,12,45,MEDIUM
ACC100240,1453,Business,Chennai,Verified,False,13,13,27692.91,8,8,37347.56,13,13,45,MEDIUM
ACC100623,2010,Business,Chennai,Verified,False,12,11,33600.47,6,6,15981.64,12,11,45,MEDIUM
ACC100570,1176,Business,Ahmedabad,Verified,False,13,13,102073.84999999999,9,9,26297.2,13,13,45,MEDIUM
ACC100601,886,Business,Ahmedabad,Verified,False,12,12,22643.23,7,7,22039.34,12,12,45,MEDIUM
ACC100596,718,Individual,Hyderabad,Verified,False,14,14,58213.81,9,8,23820.04,14,14,45,MEDIUM
ACC100586,749,Business,Hyderabad,Verified,False,13,13,34001.729999999996,6,6,8472.87,13,12,45,MEDIUM
ACC100298,1002,Individual,Kolkata,Pending,False,13,13,35940.96,7,7,36394.86,13,13,45,MEDIUM
ACC100296,616,Business,Chennai,Pending,False,13,13,10877.92,8,8,13462.39,13,13,45,MEDIUM
ACC100323,930,Business,Mumbai,Verified,False,12,12,18964.88,7,7,25496.78,12,12,45,MEDIUM
ACC100653,398,Business,Bengaluru,Verified,False,14,14,30744.69,8,8,16638.83,14,13,45,MEDIUM
ACC100322,1851,Individual,Bengaluru,Verified,False,12,12,32231.32,8,8,30366.28,12,12,45,MEDIUM
ACC100904,1679,Individual,Ahmedabad,Verified,False,14,14,25154.4,7,7,8455.32,14,14,45,MEDIUM
ACC100676,768,Business,Hyderabad,Verified,False,12,12,33941.94,8,8,17166.09,12,11,45,MEDIUM
ACC100278,2341,Business,Delhi,Verified,False,13,13,11385.51,7,7,23716.02,13,13,45,MEDIUM
ACC100066,465,Business,Mumbai,Verified,False,13,13,19403.11,6,6,28090.94,13,13,45,MEDIUM
ACC100980,584,Business,Hyderabad,Verified,False,13,13,54312.409999999996,6,6,33071.0,13,12,45,MEDIUM
ACC100999,719,Individual,Pune,Verified,False,13,13,18816.99,3,3,4797.65,13,13,45,MEDIUM
ACC100334,1176,Individual,Bengaluru,Verified,False,13,13,43898.71,9,9,14702.420000000002,13,13,45,MEDIUM
ACC100710,1438,Business,Kolkata,Pending,False,13,13,36701.46,8,7,20443.97,13,13,45,MEDIUM
ACC100572,480,Business,Mumbai,Pending,False,12,12,51656.66,5,5,3909.25,12,12,45,MEDIUM
ACC100843,2049,Individual,Chennai,Verified,False,12,12,20177.04,9,9,16383.11,12,11,45,MEDIUM
ACC100074,2274,Business,Hyderabad,Verified,False,12,12,14582.47,4,4,9038.92,12,12,45,MEDIUM
ACC100080,2072,Individual,Mumbai,Pending,False,12,12,13645.13,8,8,29217.48,12,12,45,MEDIUM
ACC100354,1229,Business,Kolkata,Verified,False,14,14,25142.56,4,4,25755.27,14,14,45,MEDIUM
ACC100690,1916,Individual,Ahmedabad,Verified,False,14,14,42352.07,7,7,8459.69,14,14,45,MEDIUM
ACC100930,1910,Business,Mumbai,Verified,False,13,13,9508.64,8,8,18360.12,13,13,45,MEDIUM
ACC100237,637,Business,Chennai,Pending,False,13,13,19835.15,8,8,10582.26,13,13,45,MEDIUM
ACC100928,824,Individual,Pune,Verified,False,12,12,24123.7,9,9,16265.59,12,12,45,MEDIUM
ACC100375,1160,Individual,Delhi,Verified,False,12,12,30873.62,8,8,34062.92,12,12,45,MEDIUM
ACC100378,1674,Individual,Pune,Verified,False,13,12,29694.03,9,9,25858.62,13,13,45,MEDIUM
ACC100862,245,Business,Kolkata,Verified,False,13,13,29751.809999999998,9,9,24805.620000000003,13,13,45,MEDIUM
ACC100857,1953,Individual,Bengaluru,Verified,False,12,12,19078.329999999998,9,9,11179.130000000001,12,11,45,MEDIUM
ACC100532,662,Individual,Pune,Verified,False,12,12,25393.96,8,8,20627.58,12,11,45,MEDIUM
ACC100371,1379,Individual,Chennai,Verified,False,12,12,24570.170000000002,5,5,11278.880000000001,12,12,45,MEDIUM
ACC100542,2444,Business,Kolkata,Verified,False,12,12,58761.369999999995,8,8,7483.17,12,12,45,MEDIUM
ACC100712,533,Individual,Ahmedabad,Pending,False,13,13,131778.67,1,1,1423.19,13,13,45,MEDIUM
ACC100998,1213,Business,Chennai,Verified,False,13,13,13026.1,9,9,13771.65,13,13,45,MEDIUM
ACC100160,1146,Business,Hyderabad,Verified,False,12,12,55698.55,6,6,9107.15,12,12,45,MEDIUM
ACC100475,708,Business,Hyderabad,Verified,False,14,14,21987.85,6,6,6495.29,14,14,45,MEDIUM
ACC100882,1782,Individual,Mumbai,Pending,False,12,12,15437.33,8,8,20594.77,12,12,45,MEDIUM
ACC100469,2119,Individual,Pune,Verified,False,13,13,148256.39,7,7,7288.5599999999995,13,13,45,MEDIUM
ACC100170,651,Business,Chennai,Verified,False,12,12,30890.879999999997,8,8,18337.78,12,11,45,MEDIUM
ACC100516,1375,Individual,Mumbai,Verified,False,12,12,20237.54,8,8,9899.06,12,12,45,MEDIUM
ACC100753,1541,Business,Hyderabad,Pending,False,13,13,23440.16,9,9,14050.79,13,13,45,MEDIUM
ACC100176,1671,Individual,Hyderabad,Pending,False,13,13,9919.49,7,7,6055.52,13,13,45,MEDIUM
ACC100515,1866,Individual,Delhi,Verified,False,13,13,38491.979999999996,9,9,34936.619999999995,13,13,45,MEDIUM
ACC100766,546,Business,Mumbai,Verified,False,12,12,19238.42,9,9,21005.08,12,12,45,MEDIUM
ACC100448,835,Business,Bengaluru,Pending,False,14,13,152005.76,7,7,33415.83,14,14,45,MEDIUM
ACC100509,1550,Business,Ahmedabad,Verified,False,12,12,9345.8,3,3,3195.37,12,12,45,MEDIUM
ACC100537,465,Business,Chennai,Pending,False,12,12,34863.16,6,6,17445.19,12,12,45,MEDIUM
ACC100437,2454,Individual,Chennai,Verified,False,12,12,24327.58,7,7,25778.839999999997,12,12,45,MEDIUM
ACC100133,1061,Individual,Mumbai,Verified,False,14,14,107567.43000000001,8,8,16367.5,14,14,45,MEDIUM
ACC100409,1767,Business,Ahmedabad,Pending,False,12,12,87113.89,7,7,16772.32,12,12,45,MEDIUM
ACC100184,845,Individual,Pune,Verified,False,14,14,37406.47,5,5,11183.789999999999,14,14,45,MEDIUM
ACC100214,2208,Individual,Bengaluru,Verified,False,12,12,26524.89,9,9,4517.45,12,12,45,MEDIUM
ACC100944,721,Business,Mumbai,Verified,False,14,14,68953.91,5,5,10825.400000000001,14,14,45,MEDIUM
ACC100103,814,Business,Bengaluru,Verified,False,12,12,22371.38,6,6,17803.1,12,12,45,MEDIUM
ACC100860,1614,Individual,Mumbai,Verified,False,9,9,19760.3,11,11,37758.29,9,9,45,MEDIUM
ACC100960,613,Business,Bengaluru,Pending,False,12,12,35358.98,4,4,6929.57,12,12,45,MEDIUM
ACC100545,199,Business,Ahmedabad,Verified,False,12,12,30208.100000000002,6,6,2274.02,12,11,45,MEDIUM
ACC100209,1673,Individual,Hyderabad,Verified,False,13,13,63556.31,8,8,30844.449999999997,13,13,45,MEDIUM
ACC100217,272,Business,Ahmedabad,Verified,False,12,12,19204.76,8,8,24758.09,12,12,45,MEDIUM
ACC100249,887,Business,Bengaluru,Pending,False,12,11,43533.07,9,9,19688.8,12,12,45,MEDIUM
ACC100275,2084,Individual,Delhi,Verified,False,12,12,19443.079999999998,7,7,9743.75,12,12,45,MEDIUM
ACC100991,885,Individual,Bengaluru,Verified,False,12,12,17057.11,8,8,26405.730000000003,12,12,45,MEDIUM
ACC100369,1091,Business,Pune,Verified,False,12,12,30068.149999999998,8,8,21446.94,12,12,45,MEDIUM
ACC100724,2407,Business,Pune,Verified,False,12,12,26697.71,8,8,19797.78,12,12,45,MEDIUM
ACC100899,2007,Business,Hyderabad,Verified,False,14,14,36782.0,9,9,11534.49,14,14,45,MEDIUM
ACC100045,1373,Individual,Delhi,Pending,False,13,13,25054.52,4,4,3718.78,13,13,45,MEDIUM
ACC100227,462,Individual,Mumbai,Verified,False,12,12,40717.36,6,6,7290.39,12,12,45,MEDIUM
ACC100852,330,Individual,Ahmedabad,Verified,False,12,12,36399.43,9,9,19389.96,12,12,45,MEDIUM
ACC100897,1258,Business,Pune,Pending,False,14,14,16848.93,6,6,6327.0199999999995,14,14,45,MEDIUM
ACC100849,2070,Individual,Delhi,Verified,False,13,13,30950.25,8,8,17858.84,13,11,45,MEDIUM
ACC100989,948,Business,Hyderabad,Verified,False,10,10,33924.79,12,12,26733.07,10,10,40,MEDIUM
ACC100083,1162,Business,Delhi,Verified,False,10,10,17788.56,12,12,12972.67,10,10,40,MEDIUM
ACC100668,456,Business,Delhi,Pending,False,10,10,25926.940000000002,10,10,14484.16,10,10,40,MEDIUM
ACC100084,2037,Business,Pune,Verified,False,11,11,23254.44,11,11,21095.23,11,11,40,MEDIUM
ACC100784,1985,Business,Ahmedabad,Verified,False,11,11,74858.73,17,17,75831.0,11,10,40,MEDIUM
ACC100788,1322,Business,Bengaluru,Verified,False,11,11,20175.239999999998,12,12,19661.38,11,11,40,MEDIUM
ACC100018,965,Individual,Pune,Verified,False,11,11,13792.86,14,14,27588.5,11,10,40,MEDIUM
ACC100974,1944,Individual,Delhi,Verified,False,10,10,30492.76,11,10,19570.34,10,10,40,MEDIUM
ACC100844,19,Business,Chennai,Verified,False,10,10,12681.2,7,7,27395.319999999996,10,8,40,MEDIUM
ACC100099,789,Business,Bengaluru,Verified,False,10,10,62100.880000000005,12,12,14039.5,10,9,40,MEDIUM
ACC100098,1873,Business,Delhi,Pending,False,10,10,92275.77,14,14,17339.9,10,10,40,MEDIUM
ACC100356,886,Business,Hyderabad,Pending,False,11,11,13419.23,10,10,14823.58,11,11,40,MEDIUM
ACC100573,1045,Business,Bengaluru,Pending,False,11,11,27337.9,10,10,32635.2,11,9,40,MEDIUM
ACC100578,382,Business,Pune,Pending,False,10,10,30571.45,10,10,15539.18,10,9,40,MEDIUM
ACC100581,1381,Individual,Hyderabad,Verified,False,11,11,15542.470000000001,11,11,38881.09,11,11,40,MEDIUM
ACC100841,911,Business,Bengaluru,Pending,False,11,10,17043.31,10,10,12559.95,11,11,40,MEDIUM
ACC100571,1406,Business,Bengaluru,Verified,False,10,10,16243.52,13,13,25240.27,10,10,40,MEDIUM
ACC100317,255,Business,Kolkata,Verified,False,11,11,27390.95,10,10,26156.96,11,11,40,MEDIUM
ACC100316,794,Individual,Ahmedabad,Verified,False,10,10,13698.47,13,13,43880.88,10,10,40,MEDIUM
ACC100113,402,Individual,Bengaluru,Verified,False,11,11,23277.07,16,16,27633.44,11,11,40,MEDIUM
ACC100117,1494,Individual,Chennai,Verified,False,10,10,9866.27,12,12,26422.12,10,10,40,MEDIUM
ACC100335,1125,Individual,Delhi,Verified,False,10,10,8898.82,12,12,38141.86,10,10,40,MEDIUM
ACC100342,1158,Business,Bengaluru,Verified,False,10,10,14892.11,11,11,23402.71,10,10,40,MEDIUM
ACC100312,635,Business,Mumbai,Pending,False,11,11,22363.41,11,10,33943.340000000004,11,11,40,MEDIUM
ACC100929,2285,Business,Chennai,Pending,False,10,10,18670.74,16,16,41674.19,10,10,40,MEDIUM
ACC100708,613,Individual,Chennai,Verified,False,11,11,18017.05,10,10,17704.23,11,10,40,MEDIUM
ACC100917,1130,Individual,Kolkata,Verified,False,11,11,11376.23,13,13,21391.9,11,11,40,MEDIUM
ACC100915,429,Business,Bengaluru,Verified,False,10,10,20885.489999999998,13,13,43081.68,10,10,40,MEDIUM
ACC100908,1656,Individual,Ahmedabad,Verified,False,10,10,16741.02,16,16,23564.16,10,9,40,MEDIUM
ACC100903,207,Individual,Bengaluru,Pending,False,10,10,16469.04,14,14,49907.89,10,10,40,MEDIUM
ACC100618,520,Individual,Bengaluru,Verified,False,11,11,50938.03,15,14,45411.83,11,11,40,MEDIUM
ACC100268,1055,Business,Delhi,Pending,False,11,11,14678.16,15,15,46573.29,11,11,40,MEDIUM
ACC100629,1178,Individual,Mumbai,Pending,False,11,10,14989.83,12,12,31933.09,11,11,40,MEDIUM
ACC100630,1911,Business,Mumbai,Verified,False,11,11,25001.13,10,10,15328.1,11,11,40,MEDIUM
ACC100619,394,Business,Hyderabad,Pending,False,10,10,26166.73,10,10,11749.43,10,8,40,MEDIUM
ACC100624,1678,Business,Chennai,Verified,False,10,10,12790.25,18,17,72927.23999999999,10,10,40,MEDIUM
ACC100284,556,Business,Mumbai,Verified,False,11,11,20666.46,16,16,39129.47,11,10,40,MEDIUM
ACC100306,2075,Business,Ahmedabad,Verified,False,11,11,21807.129999999997,11,11,31910.93,11,11,40,MEDIUM
ACC100583,549,Individual,Ahmedabad,Verified,False,11,11,52477.15,13,13,33545.66,11,11,40,MEDIUM
ACC100597,1848,Individual,Hyderabad,Verified,False,10,10,20968.47,17,17,21613.07,10,9,40,MEDIUM
ACC100248,1929,Business,Ahmedabad,Verified,False,10,10,12267.51,11,11,39673.47,10,10,40,MEDIUM
ACC100675,551,Individual,Hyderabad,Verified,False,11,11,17928.02,10,10,19409.010000000002,11,11,40,MEDIUM
ACC100918,960,Business,Mumbai,Verified,False,10,10,11449.22,13,13,19433.72,10,10,40,MEDIUM
ACC100280,1514,Business,Mumbai,Verified,False,11,10,17411.7,14,14,25744.14,11,10,40,MEDIUM
ACC100029,1816,Business,Pune,Verified,False,10,10,19706.07,10,9,15510.87,10,10,40,MEDIUM
ACC100990,964,Individual,Pune,Verified,False,10,10,69750.23000000001,11,10,34551.26,10,10,40,MEDIUM
ACC100783,1771,Individual,Delhi,Verified,False,11,11,23299.52,12,12,35923.57,11,11,40,MEDIUM
ACC100060,171,Business,Bengaluru,Verified,False,11,11,17240.66,13,13,41405.78,11,11,40,MEDIUM
ACC100289,1079,Individual,Kolkata,Verified,False,11,11,101460.76,16,16,30145.36,11,11,40,MEDIUM
ACC100288,2215,Business,Kolkata,Verified,False,11,11,10776.11,13,13,58402.86,11,11,40,MEDIUM
ACC100669,2027,Individual,Kolkata,Pending,False,11,11,26979.379999999997,12,12,21016.85,11,11,40,MEDIUM
ACC100068,1026,Individual,Kolkata,Pending,False,11,10,19653.62,13,13,33580.27,11,11,40,MEDIUM
ACC100664,1339,Business,Kolkata,Verified,False,10,10,25719.41,12,12,46941.26,10,10,40,MEDIUM
ACC100566,1565,Individual,Delhi,Verified,False,10,10,20880.96,12,12,24465.64,10,10,40,MEDIUM
ACC100393,1689,Business,Mumbai,Pending,False,11,11,24093.47,14,14,74060.66,11,11,40,MEDIUM
ACC100563,1709,Business,Pune,Verified,False,11,11,22822.7,17,17,38708.9,11,11,40,MEDIUM
ACC100368,1820,Business,Hyderabad,Verified,False,10,10,38428.03,10,10,32362.76,10,10,40,MEDIUM
ACC100069,2353,Business,Hyderabad,Pending,False,11,11,14860.220000000001,12,12,24329.809999999998,11,11,40,MEDIUM
ACC100720,1154,Business,Pune,Pending,False,10,10,35435.29,13,13,42106.4,10,10,40,MEDIUM
ACC100150,1489,Individual,Chennai,Verified,False,10,10,17771.59,13,13,33458.45,10,9,40,MEDIUM
ACC100120,1030,Business,Mumbai,Pending,False,11,11,25136.3,13,12,36597.380000000005,11,11,40,MEDIUM
ACC100359,278,Business,Pune,Verified,False,11,11,17766.13,11,11,11319.23,11,11,40,MEDIUM
ACC100193,2201,Business,Pune,Verified,False,10,10,21500.33,12,12,34169.01,10,10,40,MEDIUM
ACC100936,104,Business,Ahmedabad,Verified,False,11,11,17677.31,12,12,32908.74,11,11,40,MEDIUM
ACC100236,1706,Business,Ahmedabad,Verified,False,10,10,16260.79,12,12,35867.97,10,10,40,MEDIUM
ACC100050,44,Individual,Mumbai,Verified,False,10,10,16987.8,6,6,10002.94,10,10,40,MEDIUM
ACC100052,1965,Individual,Mumbai,Verified,False,11,11,15212.199999999999,13,13,17996.64,11,11,40,MEDIUM
ACC100047,1400,Individual,Hyderabad,Verified,False,10,10,6468.54,11,11,20784.670000000002,10,8,40,MEDIUM
ACC100388,713,Individual,Chennai,Verified,False,10,10,28421.87,13,13,30508.989999999998,10,10,40,MEDIUM
ACC100850,1201,Business,Bengaluru,Verified,False,10,10,21435.81,13,13,60507.56,10,10,40,MEDIUM
ACC100222,1026,Individual,Kolkata,Pending,False,11,11,31439.84,15,15,29589.14,11,11,40,MEDIUM
ACC100224,2059,Business,Bengaluru,Verified,False,10,10,14245.91,13,13,22056.6,10,9,40,MEDIUM
ACC100434,1201,Business,Delhi,Verified,False,10,10,23083.100000000002,12,12,24352.5,10,10,40,MEDIUM
ACC100392,163,Individual,Kolkata,Verified,False,11,11,30307.79,11,11,11538.59,11,10,40,MEDIUM
ACC100422,506,Individual,Ahmedabad,Pending,False,10,10,43130.79,16,16,46215.020000000004,10,10,40,MEDIUM
ACC100418,525,Business,Hyderabad,Verified,False,10,10,13400.6,11,11,18458.38,10,10,40,MEDIUM
ACC100966,1646,Business,Bengaluru,Verified,False,10,10,48824.87,14,14,43633.53,10,10,40,MEDIUM
ACC100965,1802,Individual,Hyderabad,Verified,False,11,11,26336.27,12,12,10432.78,11,11,40,MEDIUM
ACC100962,1023,Individual,Hyderabad,Verified,False,10,10,24744.79,12,12,25015.04,10,10,40,MEDIUM
ACC100961,1938,Business,Hyderabad,Verified,False,10,10,25499.399999999998,14,14,20078.89,10,10,40,MEDIUM
ACC100861,2375,Individual,Mumbai,Pending,False,11,11,35036.09,10,10,28857.94,11,11,40,MEDIUM
ACC100856,2004,Business,Delhi,Verified,False,10,10,24711.350000000002,11,11,12535.12,10,10,40,MEDIUM
ACC100381,522,Individual,Chennai,Pending,False,10,10,37913.7,14,14,27469.16,10,9,40,MEDIUM
ACC100394,1006,Individual,Kolkata,Verified,False,11,11,22015.03,10,10,25554.49,11,11,40,MEDIUM
ACC100397,1018,Business,Mumbai,Pending,False,11,11,26871.09,12,12,10911.7,11,11,40,MEDIUM
ACC100396,1102,Business,Kolkata,Pending,False,11,11,35219.86,12,12,9100.65,11,11,40,MEDIUM
ACC100404,2489,Individual,Mumbai,Verified,False,11,11,22649.86,11,11,42792.65,11,10,40,MEDIUM
ACC100401,462,Business,Kolkata,Verified,False,11,11,12676.45,13,13,18091.13,11,10,40,MEDIUM
ACC100539,904,Business,Kolkata,Pending,False,10,10,12612.74,11,11,21680.27,10,10,40,MEDIUM
ACC100543,2006,Business,Mumbai,Verified,False,11,11,15883.33,14,14,47568.04,11,11,40,MEDIUM
ACC100547,1224,Business,Kolkata,Pending,False,11,11,16333.109999999999,13,13,53060.54,11,11,40,MEDIUM
ACC100520,226,Individual,Chennai,Pending,False,10,10,27898.71,11,11,25331.5,10,10,40,MEDIUM
ACC100548,1541,Individual,Delhi,Verified,False,10,10,20090.26,10,10,19079.29,10,10,40,MEDIUM
ACC100735,312,Individual,Delhi,Pending,False,11,11,54053.07,17,17,56718.51,11,11,40,MEDIUM
ACC100506,2227,Business,Hyderabad,Verified,False,10,10,14345.79,12,12,40160.979999999996,10,10,40,MEDIUM
ACC100959,136,Business,Hyderabad,Verified,False,10,10,14790.91,10,10,23552.12,10,10,40,MEDIUM
ACC100412,1795,Business,Chennai,Verified,False,10,10,22357.6,10,10,20340.4,10,10,40,MEDIUM
ACC100192,1940,Business,Pune,Verified,False,11,11,18313.39,12,12,16347.41,11,11,40,MEDIUM
ACC100183,2304,Business,Kolkata,Verified,False,11,10,38010.41,16,16,68556.44,11,11,40,MEDIUM
ACC100939,1844,Individual,Hyderabad,Verified,False,11,11,21493.73,10,10,50274.04,11,11,40,MEDIUM
ACC100732,1900,Individual,Mumbai,Verified,False,10,10,18964.51,17,17,56241.59,10,8,40,MEDIUM
ACC100123,1767,Business,Kolkata,Verified,False,11,11,48951.920000000006,13,13,49060.619999999995,11,11,40,MEDIUM
ACC100129,1732,Business,Bengaluru,Verified,False,11,11,32493.09,14,14,36139.0,11,11,40,MEDIUM
ACC100728,1059,Individual,Chennai,Verified,False,11,11,35450.55,10,10,21671.86,11,11,40,MEDIUM
ACC100815,203,Business,Mumbai,Verified,False,10,10,30887.54,11,11,23964.07,10,10,40,MEDIUM
ACC100808,1880,Business,Ahmedabad,Verified,False,10,10,18444.440000000002,16,16,24710.34,10,10,40,MEDIUM
ACC100181,1743,Individual,Hyderabad,Verified,False,11,11,34106.59,12,12,28226.91,11,11,40,MEDIUM
ACC100180,1705,Business,Kolkata,Verified,False,11,11,17341.36,10,10,20187.489999999998,11,11,40,MEDIUM
ACC100948,2359,Individual,Pune,Verified,False,10,10,9946.84,13,13,40209.01,10,10,40,MEDIUM
ACC100869,1329,Business,Mumbai,Verified,False,10,10,14815.91,10,10,27386.559999999998,10,10,40,MEDIUM
ACC100511,1455,Individual,Delhi,Verified,False,11,11,26894.77,13,13,28078.79,11,11,40,MEDIUM
ACC100745,1345,Business,Kolkata,Verified,False,11,11,64446.469999999994,11,11,26448.63,11,11,40,MEDIUM
ACC100500,760,Individual,Delhi,Verified,False,11,11,28474.3,12,12,11850.130000000001,11,11,40,MEDIUM
ACC100494,2455,Business,Kolkata,Verified,False,11,11,19106.75,10,10,15192.67,11,11,40,MEDIUM
ACC100164,573,Individual,Kolkata,Verified,False,10,10,8665.1,11,11,35982.75,10,10,40,MEDIUM
ACC100446,124,Business,Kolkata,Pending,False,11,11,23719.86,14,14,26398.75,11,11,40,MEDIUM
ACC100430,966,Business,Delhi,Verified,False,10,10,17819.23,12,12,25592.82,10,10,40,MEDIUM
ACC100493,1219,Business,Chennai,Verified,False,11,11,28920.11,17,17,41832.59,11,11,40,MEDIUM
ACC100452,738,Business,Mumbai,Verified,False,11,11,37506.92999999999,12,12,12867.25,11,11,40,MEDIUM
ACC100428,2437,Individual,Pune,Verified,False,10,10,35652.52,13,13,16055.4,10,10,40,MEDIUM
ACC100769,1613,Business,Mumbai,Verified,False,11,11,35922.69,10,10,10713.8,11,11,40,MEDIUM
ACC100764,2143,Individual,Ahmedabad,Pending,False,10,10,15813.59,12,12,21707.91,10,10,40,MEDIUM
ACC100763,1264,Individual,Kolkata,Pending,False,10,10,18178.7,11,11,23482.5,10,10,40,MEDIUM
ACC100137,1364,Individual,Ahmedabad,Verified,False,11,11,27971.63,14,13,34249.79,11,11,40,MEDIUM
ACC100472,738,Business,Ahmedabad,Verified,False,10,10,19832.98,12,12,26861.43,10,10,40,MEDIUM
ACC100875,1861,Individual,Kolkata,Verified,False,11,11,23821.66,10,10,12468.88,11,11,40,MEDIUM
ACC100871,1382,Business,Kolkata,Verified,False,10,10,24545.53,11,11,20361.52,10,10,40,MEDIUM
ACC100773,1179,Business,Bengaluru,Pending,False,10,10,20835.37,10,10,21038.42,10,9,40,MEDIUM
ACC100878,2062,Individual,Chennai,Verified,False,10,10,18738.280000000002,10,10,25646.5,10,10,40,MEDIUM
ACC100876,1324,Business,Kolkata,Pending,False,11,10,22835.4,14,14,33657.09,11,11,40,MEDIUM
ACC100464,2336,Individual,Chennai,Verified,False,11,11,10727.509999999998,12,12,47567.2,11,11,40,MEDIUM
ACC100007,1248,Individual,Kolkata,Verified,False,10,10,27843.559999999998,10,10,21154.43,10,9,40,MEDIUM
ACC100005,2179,Individual,Kolkata,Verified,False,11,11,19990.22,10,10,26704.38,11,11,40,MEDIUM
ACC100010,2145,Business,Mumbai,Verified,False,11,11,27012.739999999998,15,15,29985.02,11,11,40,MEDIUM
ACC100146,982,Individual,Ahmedabad,Pending,False,11,11,23534.59,14,14,27820.32,11,11,40,MEDIUM
ACC100776,120,Business,Chennai,Verified,False,11,11,14262.4,12,12,21082.12,11,10,40,MEDIUM
ACC100136,1991,Individual,Bengaluru,Verified,False,9,9,22538.79,8,8,9079.880000000001,9,9,35,MEDIUM
ACC100478,405,Business,Ahmedabad,Verified,False,10,10,44017.93,9,9,19794.78,10,10,30,MEDIUM
ACC100993,1212,Individual,Kolkata,Pending,False,11,11,108762.89,9,9,21965.71,11,11,30,MEDIUM
ACC100138,1673,Business,Kolkata,Verified,False,10,10,24484.25,9,9,24540.010000000002,10,10,30,MEDIUM
ACC100140,2048,Individual,Delhi,Verified,False,10,10,30053.09,4,4,10987.94,10,10,30,MEDIUM
ACC100499,244,Individual,Delhi,Pending,False,11,11,17961.72,4,4,9994.15,11,10,30,MEDIUM
ACC100879,87,Individual,Delhi,Verified,False,5,5,11535.18,11,11,27842.82,5,5,30,MEDIUM
ACC100880,141,Business,Mumbai,Verified,False,11,11,29618.18,9,9,60613.03,11,11,30,MEDIUM
ACC100171,2277,Business,Bengaluru,Verified,False,11,11,51662.19,9,9,34716.19,11,11,30,MEDIUM
ACC100151,1444,Business,Mumbai,Verified,False,10,10,22214.87,8,8,15354.12,10,10,30,MEDIUM
ACC100755,1225,Business,Chennai,Pending,False,11,11,21509.2,8,8,14996.47,11,11,30,MEDIUM
ACC100814,1474,Individual,Ahmedabad,Verified,False,10,10,27289.82,8,8,20361.15,10,10,30,MEDIUM
ACC100126,550,Business,Kolkata,Verified,False,10,10,16637.19,7,7,12120.15,10,10,30,MEDIUM
ACC100128,1193,Business,Delhi,Verified,False,10,10,27000.34,7,7,24561.73,10,10,30,MEDIUM
ACC100130,1829,Business,Hyderabad,Pending,False,10,10,23941.16,9,9,27281.530000000002,10,10,30,MEDIUM
ACC100195,1157,Business,Pune,Verified,False,10,10,14431.140000000001,6,6,17059.88,10,10,30,MEDIUM
ACC100041,2373,Business,Bengaluru,Verified,False,11,11,13679.3,9,9,18591.41,11,11,30,MEDIUM
ACC100932,2072,Individual,Pune,Verified,False,10,10,23238.309999999998,8,8,13601.97,10,10,30,MEDIUM
ACC100048,1488,Business,Pune,Pending,False,10,10,19023.74,7,7,18404.870000000003,10,9,30,MEDIUM
ACC100051,2263,Individual,Hyderabad,Verified,False,11,11,7493.91,7,7,21685.230000000003,11,11,30,MEDIUM
ACC100053,1595,Individual,Mumbai,Verified,False,10,10,42581.78,7,7,9172.46,10,10,30,MEDIUM
ACC100235,2111,Individual,Delhi,Verified,False,11,11,93854.48,8,8,38869.67,11,10,30,MEDIUM
ACC100239,1658,Individual,Bengaluru,Pending,False,10,10,44680.41,8,8,27133.949999999997,10,10,30,MEDIUM
ACC100241,1455,Individual,Hyderabad,Verified,False,11,11,10942.07,3,3,2309.3900000000003,11,11,30,MEDIUM
ACC100922,1867,Business,Kolkata,Verified,False,10,10,33422.14,8,8,21930.9,10,10,30,MEDIUM
ACC100923,526,Business,Ahmedabad,Verified,False,10,10,13380.49,2,2,3984.79,10,10,30,MEDIUM
ACC100868,1580,Business,Mumbai,Verified,False,10,10,39170.35,7,7,3715.71,10,10,30,MEDIUM
ACC100512,2396,Business,Delhi,Pending,False,10,10,34399.06,9,9,20846.61,10,10,30,MEDIUM
ACC100427,1941,Business,Chennai,Verified,False,10,10,11423.27,6,6,6938.15,10,10,30,MEDIUM
ACC100429,1578,Individual,Pune,Verified,False,11,10,39453.02,6,6,22579.510000000002,11,11,30,MEDIUM
ACC100926,1151,Individual,Delhi,Pending,False,10,10,17117.370000000003,8,8,23382.89,10,10,30,MEDIUM
ACC100684,78,Business,Pune,Verified,False,7,7,19320.16,10,10,42961.74,7,7,30,MEDIUM
ACC100693,2152,Individual,Delhi,Pending,False,10,10,13845.3,6,6,7424.57,10,10,30,MEDIUM
ACC100824,1820,Individual,Delhi,Pending,False,10,10,16579.16,9,9,25589.510000000002,10,10,30,MEDIUM
ACC100110,512,Business,Bengaluru,Pending,False,10,10,19163.88,8,8,38726.93,10,10,30,MEDIUM
ACC100088,401,Individual,Pune,Verified,False,11,11,29524.05,4,4,2268.33,11,11,30,MEDIUM
ACC100433,1450,Business,Bengaluru,Verified,False,10,10,39869.91,6,6,14295.34,10,10,30,MEDIUM
ACC100438,21,Individual,Pune,Verified,False,6,6,8875.55,13,13,37851.57,6,6,30,MEDIUM
ACC100955,837,Individual,Bengaluru,Pending,False,10,10,57710.78,8,8,18053.52,10,10,30,MEDIUM
ACC100827,541,Business,Hyderabad,Pending,False,11,11,19263.5,8,8,14421.320000000002,11,11,30,MEDIUM
ACC100082,1377,Business,Hyderabad,Verified,False,10,10,36150.84,8,8,24710.41,10,8,30,MEDIUM
ACC100272,572,Individual,Kolkata,Verified,False,10,10,15613.05,7,7,18506.29,10,10,30,MEDIUM
ACC100273,2495,Business,Ahmedabad,Pending,False,10,10,19796.42,6,6,5879.38,10,10,30,MEDIUM
ACC100253,170,Individual,Hyderabad,Verified,False,11,11,20872.38,8,8,25434.42,11,10,30,MEDIUM
ACC100055,1139,Business,Ahmedabad,Verified,False,11,11,24445.960000000003,6,6,7382.0599999999995,11,11,30,MEDIUM
ACC100057,712,Business,Kolkata,Verified,False,10,10,11940.7,8,8,24036.989999999998,10,10,30,MEDIUM
ACC100058,2459,Individual,Mumbai,Pending,False,10,10,37797.979999999996,9,9,57531.03999999999,10,8,30,MEDIUM
ACC100059,1589,Business,Kolkata,Pending,False,10,10,24543.51,8,8,18745.77,10,10,30,MEDIUM
ACC100292,1070,Individual,Hyderabad,Pending,False,10,10,17701.9,7,7,37214.439999999995,10,10,30,MEDIUM
ACC100271,2287,Individual,Hyderabad,Pending,False,10,10,20103.22,8,8,28744.3,10,10,30,MEDIUM
ACC100678,2190,Individual,Mumbai,Pending,False,11,11,28996.72,9,9,20096.88,11,11,30,MEDIUM
ACC100658,1262,Individual,Delhi,Verified,False,10,10,124338.47,8,8,13666.71,10,10,30,MEDIUM
ACC100659,587,Individual,Pune,Verified,False,10,10,9152.33,7,7,20148.02,10,10,30,MEDIUM
ACC100661,444,Individual,Kolkata,Verified,False,11,11,18516.05,7,7,8017.0,11,11,30,MEDIUM
ACC100632,60,Individual,Pune,Pending,False,9,9,14631.220000000001,11,11,47964.68,9,9,30,MEDIUM
ACC100633,694,Individual,Hyderabad,Pending,False,11,11,25335.12,6,6,14377.95,11,11,30,MEDIUM
ACC100549,833,Business,Hyderabad,Verified,False,11,11,14907.31,8,7,23476.0,11,11,30,MEDIUM
ACC100526,2224,Individual,Delhi,Verified,False,11,11,14728.31,7,7,7694.13,11,11,30,MEDIUM
ACC100638,497,Business,Bengaluru,Verified,False,11,11,14950.189999999999,8,8,12120.29,11,10,30,MEDIUM
ACC100916,2214,Business,Mumbai,Verified,False,11,11,15288.07,7,7,11211.75,11,11,30,MEDIUM
ACC100279,969,Business,Chennai,Verified,False,11,11,13614.85,8,8,11002.43,11,11,30,MEDIUM
ACC100282,825,Individual,Mumbai,Verified,False,11,11,24814.02,6,6,12972.48,11,11,30,MEDIUM
ACC100599,19,Business,Mumbai,Verified,False,9,9,27681.96,12,12,29714.76,9,9,30,MEDIUM
ACC100304,1194,Individual,Hyderabad,Verified,False,10,10,26812.23,8,8,7596.48,10,9,30,MEDIUM
ACC100598,1954,Individual,Kolkata,Verified,False,10,10,14081.31,8,8,9928.5,10,10,30,MEDIUM
ACC100568,1266,Individual,Pune,Verified,False,11,11,14563.23,7,7,22061.39,11,11,30,MEDIUM
ACC100338,1992,Individual,Chennai,Verified,False,11,11,13728.49,7,7,25370.43,11,10,30,MEDIUM
ACC100339,863,Individual,Chennai,Verified,False,10,10,29875.88,3,3,2274.5,10,10,30,MEDIUM
ACC100894,2200,Business,Mumbai,Verified,False,10,10,49177.69,7,7,3884.8,10,10,30,MEDIUM
ACC100552,1150,Individual,Kolkata,Pending,False,11,11,29177.11,6,6,18071.82,11,10,30,MEDIUM
ACC100560,89,Business,Chennai,Verified,False,8,8,20154.14,12,12,45407.03,8,8,30,MEDIUM
ACC100561,212,Business,Ahmedabad,Verified,False,11,11,12581.18,4,4,19579.93,11,11,30,MEDIUM
ACC100387,1222,Business,Bengaluru,Verified,False,10,10,15019.400000000001,9,9,20929.47,10,10,30,MEDIUM
ACC100842,699,Individual,Delhi,Verified,False,10,10,15341.570000000002,8,8,21435.36,10,10,30,MEDIUM
ACC100902,1980,Individual,Bengaluru,Verified,False,10,10,18598.86,8,8,18133.65,10,10,30,MEDIUM
ACC100344,2371,Business,Mumbai,Verified,False,10,10,26517.9,9,9,18108.66,10,10,30,MEDIUM
ACC100353,1136,Business,Kolkata,Verified,False,11,11,20179.58,6,6,5960.0199999999995,11,11,30,MEDIUM
ACC100357,1001,Business,Ahmedabad,Pending,False,10,10,42079.35,9,9,26985.449999999997,10,10,30,MEDIUM
ACC100358,56,Business,Mumbai,Verified,False,9,9,32690.559999999998,14,14,41436.18,9,9,30,MEDIUM
ACC100075,773,Individual,Pune,Verified,False,10,10,167744.5,5,5,21107.92,10,10,30,MEDIUM
ACC100079,1190,Business,Mumbai,Verified,False,10,10,28459.37,7,7,13102.13,10,10,30,MEDIUM
ACC100846,1952,Business,Chennai,Verified,False,11,11,22286.84,8,8,18036.81,11,10,30,MEDIUM
ACC100848,2229,Individual,Hyderabad,Pending,False,10,10,17202.33,9,9,12426.630000000001,10,10,30,MEDIUM
ACC100462,46,Business,Hyderabad,Verified,False,8,8,7272.900000000001,17,17,41656.26,8,8,30,MEDIUM
ACC100022,31,Individual,Pune,Verified,False,8,8,13096.6,12,12,16466.49,8,8,30,MEDIUM
ACC100803,15,Individual,Delhi,Verified,False,4,4,3427.97,11,11,46303.77,4,4,30,MEDIUM
ACC100796,1170,Individual,Delhi,Verified,False,10,10,16322.48,6,6,14274.91,10,10,30,MEDIUM
ACC100036,2078,Business,Kolkata,Verified,False,10,10,29333.27,9,9,14441.23,10,10,30,MEDIUM
ACC100967,1655,Individual,Hyderabad,Pending,False,10,10,31533.48,9,8,32792.71,10,10,30,MEDIUM
ACC100789,1470,Individual,Chennai,Verified,False,10,10,25511.18,9,9,11569.4,10,10,30,MEDIUM
ACC100761,1986,Business,Ahmedabad,Verified,False,11,11,26274.45,8,8,10034.65,11,11,30,MEDIUM
ACC100156,673,Individual,Kolkata,Pending,False,10,10,17508.89,7,7,27293.64,10,10,30,MEDIUM
ACC100800,238,Individual,Kolkata,Pending,False,11,11,11945.3,9,9,10212.27,11,11,30,MEDIUM
ACC100798,252,Individual,Delhi,Verified,False,8,8,9713.31,15,15,36757.68,8,8,20,LOW
ACC100001,1304,Individual,Hyderabad,Verified,False,7,7,5415.860000000001,14,14,31981.57,7,7,20,LOW
ACC100161,1863,Business,Ahmedabad,Verified,False,7,7,35401.89,12,12,12409.34,7,7,20,LOW
ACC100159,1505,Business,Kolkata,Verified,False,9,9,14125.39,11,11,53034.54,9,9,20,LOW
ACC100158,1641,Individual,Pune,Verified,False,8,8,4263.48,12,12,17345.94,8,8,20,LOW
ACC100154,1267,Business,Kolkata,Verified,False,8,8,12250.9,11,11,33948.07,8,8,20,LOW
ACC100762,1306,Business,Hyderabad,Verified,False,9,9,15513.16,12,12,17638.81,9,9,20,LOW
ACC100033,1277,Business,Kolkata,Pending,False,8,8,15334.800000000001,11,11,31322.73,8,8,20,LOW
ACC100031,572,Individual,Mumbai,Verified,False,9,9,27815.83,14,14,37220.99,9,9,20,LOW
ACC100802,1256,Individual,Ahmedabad,Verified,False,8,8,24513.449999999997,10,10,9911.880000000001,8,8,20,LOW
ACC100799,1073,Individual,Kolkata,Pending,False,5,5,10291.27,12,12,30963.85,5,5,20,LOW
ACC100973,945,Individual,Pune,Verified,False,6,6,10102.560000000001,13,13,36420.33,6,6,20,LOW
ACC100021,469,Business,Kolkata,Verified,False,9,9,9596.76,11,11,32862.93,9,9,20,LOW
ACC100020,1194,Individual,Hyderabad,Verified,False,9,9,19521.25,12,12,28299.53,9,9,20,LOW
ACC100466,882,Business,Mumbai,Verified,False,6,6,83593.5,14,14,27674.31,6,6,20,LOW
ACC100465,2274,Individual,Hyderabad,Pending,False,8,8,8335.92,11,11,42135.59,8,8,20,LOW
ACC100461,1697,Individual,Mumbai,Verified,False,9,9,26555.64,12,12,23683.49,9,9,20,LOW
ACC100460,2153,Individual,Ahmedabad,Pending,False,5,5,4733.530000000001,11,11,34489.82,5,5,20,LOW
ACC100457,1581,Individual,Pune,Verified,False,6,6,9127.19,11,11,12071.3,6,6,20,LOW
ACC100455,2249,Business,Hyderabad,Pending,False,7,7,8920.24,10,10,31694.51,7,7,20,LOW
ACC100482,727,Business,Chennai,Pending,False,8,8,14926.67,12,12,26172.52,8,7,20,LOW
ACC100481,1829,Individual,Hyderabad,Verified,False,7,7,9224.73,13,13,21417.61,7,7,20,LOW
ACC100892,1056,Business,Bengaluru,Pending,False,7,7,14012.41,11,11,24313.27,7,7,20,LOW
ACC100891,1898,Individual,Ahmedabad,Pending,False,9,9,29944.989999999998,13,12,35051.25,9,9,20,LOW
ACC100889,625,Individual,Pune,Pending,False,9,9,16940.61,10,10,29644.59,9,9,20,LOW
ACC100888,1328,Individual,Chennai,Verified,False,9,9,74949.11,10,10,52649.130000000005,9,9,20,LOW
ACC100374,1863,Individual,Delhi,Pending,False,6,6,17082.98,10,10,22321.08,6,6,20,LOW
ACC100373,126,Business,Pune,Verified,False,9,9,15679.91,15,15,19758.83,9,9,20,LOW
ACC100370,1984,Business,Hyderabad,Pending,False,7,6,14855.99,14,14,36837.29,7,7,20,LOW
ACC100076,2245,Individual,Ahmedabad,Verified,False,6,6,10899.0,12,12,17056.4,6,6,20,LOW
ACC100073,801,Business,Delhi,Verified,False,6,6,14857.93,12,12,39320.13,6,6,20,LOW
ACC100102,1761,Individual,Bengaluru,Verified,False,9,9,50345.68,16,16,43555.86,9,9,20,LOW
ACC100101,2464,Business,Delhi,Pending,False,8,8,11632.58,10,10,15536.01,8,8,20,LOW
ACC100100,512,Individual,Delhi,Verified,False,6,6,9657.869999999999,10,10,10133.46,6,6,20,LOW
ACC100330,2378,Business,Mumbai,Verified,False,9,9,29418.33,14,14,37617.99,9,9,20,LOW
ACC100352,14,Individual,Delhi,Verified,False,9,9,134271.2,9,9,20255.92,9,9,20,LOW
ACC100347,691,Individual,Chennai,Pending,False,5,5,8060.82,11,11,22134.829999999998,5,5,20,LOW
ACC100346,1725,Individual,Ahmedabad,Verified,False,7,7,9009.34,13,13,35687.98,7,7,20,LOW
ACC100343,2207,Business,Bengaluru,Verified,False,7,7,28616.96,10,10,12846.69,7,7,20,LOW
ACC100097,210,Individual,Pune,Verified,False,7,7,14255.95,11,11,23570.29,7,7,20,LOW
ACC100096,2192,Business,Chennai,Verified,False,9,9,31086.98,16,16,32727.62,9,9,20,LOW
ACC100582,99,Business,Kolkata,Verified,False,5,5,17461.579999999998,11,11,26257.93,5,5,20,LOW
ACC100579,1041,Individual,Kolkata,Verified,False,8,8,13552.2,11,11,30981.47,8,8,20,LOW
ACC100577,677,Individual,Hyderabad,Verified,False,5,5,10417.28,12,12,37721.41,5,5,20,LOW
ACC100385,497,Individual,Chennai,Pending,False,7,7,28945.5,11,11,16423.23,7,7,20,LOW
ACC100384,569,Individual,Pune,Pending,False,7,7,19195.53,11,11,37679.94,7,7,20,LOW
ACC100383,1151,Business,Chennai,Verified,False,8,8,10694.619999999999,12,12,33425.5,8,8,20,LOW
ACC100565,1692,Business,Bengaluru,Verified,False,6,6,23861.879999999997,12,12,20021.58,6,6,20,LOW
ACC100557,1862,Individual,Chennai,Verified,False,9,9,11708.7,12,12,34485.97,9,9,20,LOW
ACC100553,143,Individual,Hyderabad,Verified,False,8,8,14047.910000000002,14,14,37044.270000000004,8,8,20,LOW
ACC100551,943,Business,Ahmedabad,Verified,False,9,9,15495.97,11,11,25516.769999999997,9,9,20,LOW
ACC100853,1352,Individual,Kolkata,Verified,False,8,8,8652.68,14,14,24218.64,8,8,20,LOW
ACC100901,2161,Business,Mumbai,Verified,False,7,7,15190.93,10,10,44600.22,7,7,20,LOW
ACC100898,512,Individual,Delhi,Verified,False,5,5,9687.26,17,16,43528.15,5,5,20,LOW
ACC100895,1002,Individual,Bengaluru,Verified,False,6,6,20503.02,17,17,36587.16,6,6,20,LOW
ACC100575,977,Business,Delhi,Pending,False,8,8,15751.08,17,17,58600.15,8,8,20,LOW
ACC100315,1419,Business,Bengaluru,Verified,False,6,5,2025.55,12,12,40556.64,6,6,20,LOW
ACC100314,164,Business,Pune,Verified,False,8,8,18484.6,13,13,33997.56,8,8,20,LOW
ACC100313,1696,Individual,Delhi,Verified,False,6,6,10956.869999999999,15,15,29202.84,6,6,20,LOW
ACC100311,1905,Business,Ahmedabad,Verified,False,7,7,9566.119999999999,10,10,17575.52,7,7,20,LOW
ACC100332,981,Business,Hyderabad,Verified,False,7,7,6878.860000000001,12,12,44874.94,7,7,20,LOW
ACC100594,1627,Individual,Hyderabad,Verified,False,9,9,26164.56,10,10,13834.68,9,8,20,LOW
ACC100593,399,Business,Chennai,Pending,False,8,8,8675.220000000001,10,10,27496.14,8,8,20,LOW
ACC100589,938,Business,Chennai,Verified,False,4,4,4622.12,13,13,34164.4,4,4,20,LOW
ACC100587,1956,Business,Hyderabad,Pending,False,8,7,14622.710000000001,10,10,16977.0,8,8,20,LOW
ACC100584,878,Business,Chennai,Pending,False,7,7,24355.06,11,11,24200.95,7,7,20,LOW
ACC100614,698,Individual,Delhi,Pending,False,6,6,30172.75,12,11,15592.289999999999,6,6,20,LOW
ACC100310,1356,Business,Chennai,Verified,False,6,6,18271.92,15,14,18176.4,6,6,20,LOW
ACC100309,579,Individual,Hyderabad,Verified,False,7,7,9103.25,12,11,17133.85,7,7,20,LOW
ACC100305,137,Individual,Mumbai,Verified,False,8,8,13995.06,11,11,53979.11,8,7,20,LOW
ACC100303,2016,Business,Hyderabad,Verified,False,8,8,34545.72,11,11,43240.71,8,8,20,LOW
ACC100300,200,Business,Chennai,Verified,False,6,6,9884.26,19,18,31935.53,6,6,20,LOW
ACC100297,709,Business,Ahmedabad,Verified,False,9,9,50710.08,13,13,23115.02,9,9,20,LOW
ACC100295,190,Individual,Mumbai,Pending,False,5,5,10218.66,11,11,31067.45,5,5,20,LOW
ACC100321,1900,Business,Mumbai,Verified,False,9,9,11709.98,15,15,38351.65,9,9,20,LOW
ACC100320,547,Individual,Ahmedabad,Verified,False,9,9,17750.62,11,10,23689.260000000002,9,9,20,LOW
ACC100611,862,Individual,Pune,Verified,False,8,8,7940.87,12,12,36079.44,8,7,20,LOW
ACC100607,233,Individual,Bengaluru,Verified,False,9,9,26810.469999999998,16,16,15864.05,9,9,20,LOW
ACC100602,1038,Business,Pune,Verified,False,10,9,13936.51,14,13,27336.44,10,10,20,LOW
ACC100628,92,Business,Ahmedabad,Verified,False,7,7,29317.579999999998,10,10,36957.76,7,7,20,LOW
ACC100622,485,Individual,Bengaluru,Verified,False,5,5,6597.969999999999,11,11,47282.35,5,5,20,LOW
ACC100621,527,Individual,Chennai,Verified,False,9,9,18855.53,26,25,78750.37,9,9,20,LOW
ACC100620,414,Business,Pune,Verified,False,7,7,12252.56,13,13,30532.04,7,7,20,LOW
ACC100914,932,Individual,Hyderabad,Pending,False,8,8,12767.65,13,13,26766.079999999998,8,8,20,LOW
ACC100912,487,Individual,Pune,Verified,False,7,7,13773.11,11,11,34102.71,7,7,20,LOW
ACC100906,1212,Business,Bengaluru,Verified,False,8,8,16782.61,13,13,45262.86,8,8,20,LOW
ACC100617,2162,Individual,Ahmedabad,Verified,False,7,7,33007.18,15,15,37382.79,7,7,20,LOW
ACC100615,1494,Business,Pune,Verified,False,6,6,13191.59,10,10,16722.539999999997,6,6,20,LOW
ACC100643,2211,Individual,Kolkata,Verified,False,7,7,6878.860000000001,11,11,23994.77,7,7,20,LOW
ACC100642,1584,Business,Kolkata,Verified,False,7,7,13395.27,15,15,11968.76,7,7,20,LOW
ACC100637,890,Business,Bengaluru,Pending,False,5,5,4090.95,11,11,18763.46,5,5,20,LOW
ACC100636,458,Business,Bengaluru,Pending,False,9,8,26032.39,14,14,37333.39,9,9,20,LOW
ACC100634,726,Individual,Ahmedabad,Verified,False,7,7,10946.98,11,11,17870.17,7,7,20,LOW
ACC100527,100,Individual,Delhi,Verified,False,6,6,6732.849999999999,12,12,20142.120000000003,6,6,20,LOW
ACC100380,643,Individual,Delhi,Verified,False,5,5,3636.78,16,16,36850.42,5,5,20,LOW
ACC100379,1091,Business,Mumbai,Verified,False,8,8,12731.69,12,12,23860.09,8,8,20,LOW
ACC100377,1022,Business,Ahmedabad,Verified,False,7,7,13474.89,11,11,13442.64,7,7,20,LOW
ACC100405,2398,Business,Pune,Verified,False,8,8,9279.23,10,10,26048.89,8,8,20,LOW
ACC100403,2275,Individual,Pune,Verified,False,8,8,19146.35,12,12,18600.22,8,8,20,LOW
ACC100523,1837,Individual,Ahmedabad,Pending,False,8,8,30098.78,12,12,17721.62,8,8,20,LOW
ACC100550,938,Business,Ahmedabad,Pending,False,9,9,14074.48,12,12,28875.72,9,9,20,LOW
ACC100536,1693,Business,Ahmedabad,Verified,False,6,6,15410.78,11,11,15738.48,6,6,20,LOW
ACC100366,129,Business,Chennai,Verified,False,7,7,12450.92,10,10,21058.33,7,7,20,LOW
ACC100364,1692,Business,Mumbai,Pending,False,6,6,18839.79,14,14,74731.29,6,6,20,LOW
ACC100363,1703,Business,Delhi,Verified,False,7,7,13101.63,10,10,60859.16,7,7,20,LOW
ACC100360,379,Business,Delhi,Pending,False,9,9,35182.83,12,12,26452.829999999998,9,9,20,LOW
ACC100389,1480,Individual,Chennai,Verified,False,8,8,23347.75,10,10,36794.99,8,8,20,LOW
ACC100631,2058,Individual,Hyderabad,Verified,False,8,8,13555.24,10,9,27388.59,8,8,20,LOW
ACC100662,2160,Business,Bengaluru,Verified,False,7,7,19074.32,13,13,13820.92,7,7,20,LOW
ACC100652,245,Individual,Mumbai,Verified,False,6,6,12887.34,11,11,16184.56,6,5,20,LOW
ACC100650,1994,Individual,Hyderabad,Pending,False,9,9,24447.87,10,10,16620.42,9,9,20,LOW
ACC100270,2095,Business,Ahmedabad,Verified,False,8,8,23155.48,12,12,13966.240000000002,8,8,20,LOW
ACC100269,1703,Business,Pune,Verified,False,5,5,6007.53,11,11,31380.29,5,5,20,LOW
ACC100267,479,Individual,Chennai,Verified,False,9,9,11369.19,14,14,26149.649999999998,9,9,20,LOW
ACC100265,469,Individual,Mumbai,Verified,False,7,7,13327.65,12,12,28322.800000000003,7,7,20,LOW
ACC100263,410,Business,Hyderabad,Pending,False,7,7,11138.34,12,12,12905.470000000001,7,7,20,LOW
ACC100291,1778,Business,Hyderabad,Pending,False,5,5,4996.51,16,16,44550.7,5,5,20,LOW
ACC100286,26,Individual,Bengaluru,Verified,False,9,9,15486.720000000001,9,9,9502.560000000001,9,9,20,LOW
ACC100285,1225,Business,Delhi,Verified,False,7,7,5336.22,11,11,18995.72,7,7,20,LOW
ACC100065,825,Business,Hyderabad,Verified,False,7,7,9991.960000000001,12,12,37491.65,7,7,20,LOW
ACC100062,1991,Individual,Hyderabad,Verified,False,7,7,11444.44,16,16,23970.21,7,7,20,LOW
ACC100061,211,Individual,Kolkata,Verified,False,8,8,16486.43,17,17,32626.72,8,8,20,LOW
ACC100085,1505,Individual,Ahmedabad,Verified,False,7,7,42521.509999999995,14,14,54750.37,7,7,20,LOW
ACC100109,1038,Business,Delhi,Verified,False,7,7,16666.510000000002,13,13,16397.33,7,7,20,LOW
ACC100107,970,Business,Bengaluru,Verified,False,7,7,6480.99,10,9,11526.57,7,6,20,LOW
ACC100106,1580,Individual,Delhi,Verified,False,6,6,16368.6,18,18,69334.25,6,6,20,LOW
ACC100254,1613,Business,Ahmedabad,Verified,False,9,9,23115.2,13,13,33164.19,9,8,20,LOW
ACC100252,1714,Individual,Ahmedabad,Pending,False,6,6,7324.5199999999995,14,14,47198.75,6,6,20,LOW
ACC100667,2492,Business,Hyderabad,Verified,False,8,8,30051.079999999998,11,11,19716.68,8,8,20,LOW
ACC100836,1838,Business,Pune,Verified,False,8,8,18417.75,12,12,28330.79,8,8,20,LOW
ACC100835,1583,Business,Hyderabad,Pending,False,9,9,32372.77,13,13,25103.43,9,9,20,LOW
ACC100832,2147,Business,Pune,Verified,False,9,9,20498.54,10,10,10686.970000000001,9,9,20,LOW
ACC100828,122,Business,Delhi,Verified,False,9,9,25460.36,10,10,26717.35,9,9,20,LOW
ACC100234,2209,Business,Delhi,Verified,False,7,7,128284.83,10,10,36226.69,7,7,20,LOW
ACC100232,1164,Business,Hyderabad,Pending,False,9,9,11770.630000000001,11,11,13865.02,9,9,20,LOW
ACC100262,1228,Business,Kolkata,Pending,False,8,8,18759.31,10,10,9318.65,8,8,20,LOW
ACC100261,1168,Individual,Ahmedabad,Verified,False,4,4,6342.6,14,14,33730.64,4,4,20,LOW
ACC100436,294,Individual,Delhi,Verified,False,9,9,7882.289999999999,13,13,39536.66,9,9,20,LOW
ACC100431,1646,Business,Kolkata,Verified,False,6,6,7404.83,13,13,39391.05,6,6,20,LOW
ACC100421,2315,Individual,Delhi,Verified,False,9,9,8013.83,12,12,14266.59,9,8,20,LOW
ACC100094,2288,Individual,Chennai,Pending,False,9,9,27318.899999999998,12,12,42675.46,9,9,20,LOW
ACC100092,388,Individual,Delhi,Verified,False,8,8,6266.2,13,12,30498.78,8,8,20,LOW
ACC100090,428,Individual,Chennai,Verified,False,7,7,15068.87,11,10,21237.05,7,6,20,LOW
ACC100087,1532,Individual,Pune,Verified,False,7,7,96413.48,12,12,31951.3,7,6,20,LOW
ACC100963,60,Business,Bengaluru,Verified,False,4,4,3986.69,7,7,16024.64,4,4,20,LOW
ACC100864,343,Individual,Hyderabad,Verified,False,8,8,9232.88,10,10,23545.11,8,8,20,LOW
ACC100863,1979,Individual,Hyderabad,Verified,False,9,9,15120.119999999999,12,12,20921.36,9,9,20,LOW
ACC100858,2048,Business,Pune,Verified,False,7,7,25201.6,11,11,21740.81,7,7,20,LOW
ACC100855,2386,Business,Chennai,Verified,False,9,9,15736.09,15,14,21111.85,9,9,20,LOW
ACC100530,48,Business,Delhi,Verified,False,8,8,8405.810000000001,7,7,28693.13,8,7,20,LOW
ACC100116,1891,Business,Pune,Verified,False,8,8,15157.0,11,11,13608.339999999998,8,8,20,LOW
ACC100115,1048,Individual,Chennai,Verified,False,8,8,11760.25,14,14,68397.56,8,8,20,LOW
ACC100111,407,Individual,Hyderabad,Pending,False,8,8,26958.359999999997,10,10,21908.4,8,8,20,LOW
ACC100825,733,Individual,Chennai,Verified,False,7,7,31374.5,13,13,31792.96,7,7,20,LOW
ACC100823,1151,Business,Chennai,Verified,False,8,8,19577.12,11,11,15900.58,8,8,20,LOW
ACC100685,2110,Business,Pune,Pending,False,5,5,14839.98,11,11,23083.21,5,5,20,LOW
ACC100683,1885,Business,Ahmedabad,Verified,False,8,8,19247.82,10,10,28807.46,8,8,20,LOW
ACC100680,147,Individual,Pune,Verified,False,6,6,14039.91,12,12,35427.8,6,6,20,LOW
ACC100707,1499,Business,Ahmedabad,Verified,False,9,9,18134.15,10,10,19792.239999999998,9,9,20,LOW
ACC100705,70,Business,Pune,Verified,False,9,9,20713.27,9,9,16945.79,9,9,20,LOW
ACC100931,2273,Individual,Chennai,Verified,False,8,8,26678.91,13,12,33263.04,8,8,20,LOW
ACC100492,1075,Business,Mumbai,Verified,False,9,9,17783.25,15,15,71234.44,9,9,20,LOW
ACC100491,2166,Business,Delhi,Verified,False,8,8,10380.95,16,16,43275.729999999996,8,8,20,LOW
ACC100489,1177,Business,Pune,Verified,False,9,9,18639.24,11,11,20474.57,9,9,20,LOW
ACC100450,1526,Business,Mumbai,Verified,False,9,9,27895.29,12,12,19918.36,9,8,20,LOW
ACC100449,1659,Business,Mumbai,Verified,False,9,9,24107.45,14,14,37337.99,9,9,20,LOW
ACC100442,99,Individual,Ahmedabad,Verified,False,8,8,11027.220000000001,10,10,35978.99,8,8,20,LOW
ACC100487,405,Business,Ahmedabad,Pending,False,6,6,22793.239999999998,16,16,68751.61,6,6,20,LOW
ACC100518,1690,Individual,Pune,Verified,False,8,8,38347.44,12,12,30367.26,8,8,20,LOW
ACC100513,1529,Individual,Pune,Verified,False,8,8,9616.26,10,10,11207.279999999999,8,8,20,LOW
ACC100510,2086,Business,Ahmedabad,Verified,False,4,4,8197.53,14,14,25934.04,4,4,20,LOW
ACC100508,1227,Business,Mumbai,Verified,False,5,5,8661.64,17,17,43279.25,5,5,20,LOW
ACC100957,1357,Business,Pune,Pending,False,7,7,15900.949999999999,13,13,12648.17,7,7,20,LOW
ACC100921,2253,Individual,Chennai,Verified,False,8,8,22447.18,15,15,31244.93,8,8,20,LOW
ACC100919,2346,Individual,Kolkata,Verified,False,7,7,10958.21,13,13,82395.87,7,7,20,LOW
ACC100246,2210,Business,Pune,Verified,False,9,9,22824.579999999998,14,14,58376.18,9,9,20,LOW
ACC100701,676,Individual,Bengaluru,Verified,False,6,6,6726.83,14,14,27580.65,6,6,20,LOW
ACC100697,369,Individual,Delhi,Verified,False,7,7,16220.880000000001,15,15,27962.23,7,7,20,LOW
ACC100695,1945,Individual,Bengaluru,Verified,False,7,7,10983.34,14,14,40820.05,7,6,20,LOW
ACC100725,116,Business,Ahmedabad,Pending,False,9,9,16954.38,12,12,13483.38,9,9,20,LOW
ACC100722,2296,Individual,Mumbai,Pending,False,6,6,13745.84,10,10,19170.97,6,6,20,LOW
ACC100210,2395,Individual,Pune,Verified,False,8,8,38407.06,12,12,34908.29,8,8,20,LOW
ACC100208,1969,Business,Chennai,Verified,False,7,7,12958.769999999999,12,12,17173.94,7,7,20,LOW
ACC100200,2460,Individual,Chennai,Verified,False,9,9,12190.37,16,16,31689.68,9,9,20,LOW
ACC100225,1337,Individual,Hyderabad,Verified,False,7,7,11336.02,10,10,36875.68,7,7,20,LOW
ACC100218,1797,Individual,Kolkata,Pending,False,8,8,5962.57,15,15,52823.9,8,8,20,LOW
ACC100216,1644,Business,Delhi,Verified,False,8,8,9698.78,13,13,31643.5,8,8,20,LOW
ACC100933,2104,Individual,Hyderabad,Verified,False,8,8,146935.92,10,10,21181.3,8,7,20,LOW
ACC100039,2445,Individual,Delhi,Verified,False,7,7,9044.86,10,10,17944.38,7,7,20,LOW
ACC100721,2271,Individual,Mumbai,Verified,False,6,6,7080.21,11,11,12514.28,6,6,20,LOW
ACC100717,1846,Business,Bengaluru,Verified,False,6,6,130544.04000000001,11,11,23293.43,6,6,20,LOW
ACC100742,2135,Individual,Chennai,Verified,False,9,9,9109.45,12,12,65501.42999999999,9,9,20,LOW
ACC100739,535,Individual,Chennai,Pending,False,9,9,14574.2,14,14,23454.53,9,9,20,LOW
ACC100121,105,Individual,Chennai,Verified,False,9,9,9309.04,10,10,11092.160000000002,9,9,20,LOW
ACC100935,139,Business,Delhi,Verified,False,6,6,7616.099999999999,11,11,20672.25,6,6,20,LOW
ACC100198,669,Business,Hyderabad,Pending,False,4,4,5594.54,15,15,34199.02,4,4,20,LOW
ACC100189,303,Business,Chennai,Verified,False,7,7,9523.560000000001,11,11,16848.56,7,7,20,LOW
ACC100186,132,Business,Pune,Pending,False,9,9,10101.27,11,11,15551.67,9,9,20,LOW
ACC100945,2080,Business,Bengaluru,Verified,False,8,8,23773.899999999998,16,16,43737.68,8,8,20,LOW
ACC100943,1875,Business,Delhi,Verified,False,9,9,12686.73,13,13,22942.989999999998,9,9,20,LOW
ACC100942,20,Individual,Mumbai,Verified,False,7,7,9456.74,7,7,39943.08,7,7,20,LOW
ACC100938,803,Individual,Mumbai,Verified,False,5,5,3687.95,12,12,80862.56,5,5,20,LOW
ACC100124,2288,Business,Pune,Verified,False,6,6,4391.99,10,10,19766.29,6,6,20,LOW
ACC100820,1678,Individual,Delhi,Verified,False,9,9,23628.87,16,16,36021.37,9,9,20,LOW
ACC100818,1468,Business,Mumbai,Verified,False,8,8,18409.39,11,11,26785.89,8,8,20,LOW
ACC100817,1425,Business,Pune,Verified,False,7,7,7638.56,13,13,12065.54,7,7,20,LOW
ACC100810,127,Business,Bengaluru,Verified,False,4,4,4087.61,12,12,24439.559999999998,4,4,20,LOW
ACC100807,13,Business,Ahmedabad,Pending,False,8,8,34098.76,6,6,28766.11,8,7,20,LOW
ACC100182,1449,Business,Mumbai,Verified,False,8,8,11245.369999999999,14,14,27963.73,8,8,20,LOW
ACC100179,1717,Individual,Bengaluru,Verified,False,8,8,12939.65,13,13,13439.92,8,8,20,LOW
ACC100174,1769,Individual,Bengaluru,Verified,False,6,6,14601.649999999998,11,11,30929.07,6,6,20,LOW
ACC100172,1599,Business,Hyderabad,Verified,False,9,9,28331.83,15,15,28616.86,9,9,20,LOW
ACC100169,11,Business,Kolkata,Verified,False,9,9,7181.79,8,8,38100.86,9,9,20,LOW
ACC100168,2170,Individual,Ahmedabad,Verified,False,9,9,23039.870000000003,11,11,34688.55,9,9,20,LOW
ACC100950,2453,Business,Delhi,Verified,False,5,5,6986.360000000001,10,10,31149.07,5,5,20,LOW
ACC100751,2420,Business,Ahmedabad,Verified,False,6,6,14365.9,15,15,104100.01,6,6,20,LOW
ACC100748,1036,Individual,Ahmedabad,Verified,False,9,9,25126.09,10,10,17710.42,9,9,20,LOW
ACC100747,1040,Business,Hyderabad,Pending,False,8,8,18815.93,15,15,37901.87,8,8,20,LOW
ACC100774,2168,Individual,Chennai,Pending,False,7,7,14890.2,13,13,52954.34,7,7,20,LOW
ACC100794,2407,Individual,Pune,Verified,False,7,7,14284.02,15,15,37572.0,7,7,20,LOW
ACC100791,1743,Business,Hyderabad,Pending,False,8,7,28529.61,14,13,84875.32,8,8,20,LOW
ACC100975,1342,Individual,Pune,Verified,False,8,8,15910.919999999998,20,20,38559.72,8,8,20,LOW
ACC100476,2234,Business,Delhi,Verified,False,6,6,9176.08,10,10,26256.36,6,6,20,LOW
ACC100885,2459,Individual,Delhi,Verified,False,6,6,7309.89,14,14,32187.92,6,6,20,LOW
ACC100881,610,Business,Hyderabad,Verified,False,8,8,19042.989999999998,14,14,44746.65,8,8,20,LOW
ACC100873,1262,Individual,Mumbai,Verified,False,9,9,8900.95,13,13,20254.14,9,9,20,LOW
ACC100470,605,Business,Delhi,Verified,False,9,9,14173.679999999998,10,10,24015.56,9,8,20,LOW
ACC100467,1831,Business,Bengaluru,Verified,False,9,9,24108.39,15,14,35203.66,9,9,20,LOW
ACC100471,1913,Business,Mumbai,Verified,False,10,9,21651.04,10,10,10689.470000000001,10,10,20,LOW
ACC100502,1552,Business,Bengaluru,Verified,False,8,8,38919.619999999995,12,12,25014.81,8,8,20,LOW
ACC100498,742,Business,Pune,Verified,False,7,7,5599.14,12,12,47033.78,7,7,20,LOW
ACC100496,1166,Individual,Pune,Pending,False,7,7,10430.699999999999,12,12,47193.549999999996,7,7,20,LOW
ACC100981,2301,Business,Chennai,Verified,False,7,7,16540.92,12,12,25014.57,7,7,20,LOW
ACC100988,2404,Business,Ahmedabad,Verified,False,4,4,8090.4,11,11,21629.64,4,4,20,LOW
ACC100149,719,Business,Mumbai,Verified,False,6,6,4162.54,11,11,19568.17,6,6,20,LOW
ACC100147,1778,Business,Hyderabad,Verified,False,6,6,8061.75,11,11,28670.620000000003,6,6,20,LOW
ACC100028,985,Individual,Chennai,Pending,False,9,9,11425.56,13,13,20538.81,9,9,20,LOW
ACC100026,1092,Business,Kolkata,Pending,False,8,8,21320.52,16,16,38883.06,8,8,20,LOW
ACC100024,757,Business,Chennai,Verified,False,9,9,13285.99,13,13,34587.32,9,9,20,LOW
ACC100023,2310,Individual,Bengaluru,Verified,False,10,9,29760.940000000002,11,11,16683.59,10,10,20,LOW
ACC100782,1315,Individual,Delhi,Verified,False,9,9,24715.3,11,11,34238.53,9,9,20,LOW
ACC100781,1551,Individual,Bengaluru,Verified,False,7,7,11704.44,14,14,44320.23,7,6,20,LOW
ACC100780,2482,Individual,Chennai,Verified,False,9,9,11638.04,11,10,33334.02,9,9,20,LOW
ACC100778,2091,Business,Ahmedabad,Verified,False,7,7,21945.77,10,10,36621.9,7,6,20,LOW
ACC100775,2285,Individual,Mumbai,Verified,False,7,7,9349.98,10,10,19835.44,7,7,20,LOW
ACC100479,85,Individual,Mumbai,Pending,False,8,8,10488.2,8,8,15829.98,8,8,20,LOW
ACC100995,673,Individual,Ahmedabad,Verified,False,6,6,18123.62,10,10,20200.239999999998,6,6,20,LOW
ACC100477,1645,Business,Pune,Verified,False,6,6,6477.1900000000005,11,11,30198.73,6,6,20,LOW
ACC100008,340,Business,Delhi,Verified,False,9,9,11224.13,9,9,13749.46,9,9,10,LOW
ACC100009,1492,Business,Mumbai,Verified,False,8,8,15966.41,8,8,22581.170000000002,8,8,10,LOW
ACC100012,1695,Business,Mumbai,Pending,False,8,8,17555.77,9,9,26554.04,8,8,10,LOW
ACC100019,2334,Individual,Chennai,Verified,False,6,6,80159.72,7,7,34251.65,6,6,10,LOW
ACC100985,395,Business,Delhi,Verified,False,8,8,17451.579999999998,5,5,18680.4,8,8,10,LOW
ACC100987,427,Business,Delhi,Verified,False,5,5,11233.630000000001,5,5,5529.24,5,5,10,LOW
ACC100792,1615,Individual,Chennai,Pending,False,9,9,22803.59,9,9,29609.21,9,9,10,LOW
ACC100793,1536,Business,Kolkata,Pending,False,5,5,8583.98,9,9,14262.36,5,5,10,LOW
ACC100795,1640,Business,Delhi,Verified,False,8,8,18246.14,8,8,27592.64,8,8,10,LOW
ACC100804,477,Business,Bengaluru,Verified,False,9,9,11410.5,8,8,13768.42,9,9,10,LOW
ACC100785,2372,Business,Delhi,Verified,False,4,4,3862.67,7,7,21563.340000000004,4,4,10,LOW
ACC100786,886,Business,Kolkata,Verified,False,8,8,18425.38,9,9,33795.03,8,8,10,LOW
ACC100765,135,Business,Kolkata,Verified,False,7,7,4628.5599999999995,8,8,14940.79,7,7,10,LOW
ACC100771,242,Individual,Ahmedabad,Verified,False,3,3,3988.79,16,16,104829.09,3,3,10,LOW
ACC100772,2166,Business,Ahmedabad,Verified,False,2,2,5928.31,12,12,21703.92,2,2,10,LOW
ACC100744,535,Individual,Delhi,Pending,False,9,9,9914.63,5,5,13204.16,9,9,10,LOW
ACC100749,1656,Individual,Chennai,Verified,False,7,7,21461.86,7,7,9875.2,7,7,10,LOW
ACC100750,928,Business,Pune,Pending,False,7,7,25044.79,8,8,27193.43,7,6,10,LOW
ACC100809,655,Individual,Bengaluru,Verified,False,9,9,102352.98,6,6,17679.52,9,9,10,LOW
ACC100811,1639,Individual,Chennai,Verified,False,10,9,8179.06,8,8,8766.66,10,10,10,LOW
ACC100819,2230,Individual,Pune,Pending,False,5,5,13260.689999999999,9,9,19825.73,5,5,10,LOW
ACC100821,2383,Individual,Bengaluru,Verified,False,9,8,18743.51,6,6,15960.54,9,9,10,LOW
ACC100822,1443,Business,Delhi,Verified,False,4,4,15910.93,9,9,20195.05,4,4,10,LOW
ACC100729,1290,Individual,Mumbai,Verified,False,9,9,12632.82,6,6,41885.159999999996,9,9,10,LOW
ACC100730,2065,Individual,Kolkata,Verified,False,2,2,1359.79,11,11,17214.97,2,2,10,LOW
ACC100731,634,Business,Pune,Verified,False,4,4,4352.04,7,7,29882.98,4,4,10,LOW
ACC100736,648,Business,Kolkata,Verified,False,8,8,16404.02,9,8,33290.84,8,8,10,LOW
ACC100740,483,Business,Mumbai,Verified,False,4,4,3281.57,7,7,15055.880000000001,4,4,10,LOW
ACC100719,2104,Business,Delhi,Verified,False,9,9,8383.2,9,9,11933.119999999999,9,9,10,LOW
ACC100723,1089,Individual,Mumbai,Verified,False,8,8,16434.27,8,8,25191.68,8,8,10,LOW
ACC100698,1729,Individual,Ahmedabad,Verified,False,5,5,5887.92,8,8,15684.78,5,5,10,LOW
ACC100700,1897,Individual,Bengaluru,Pending,False,9,9,26632.29,9,9,17610.23,9,9,10,LOW
ACC100686,1483,Individual,Hyderabad,Verified,False,8,8,8638.369999999999,4,4,3876.06,8,8,10,LOW
ACC100688,2183,Business,Delhi,Verified,False,7,7,9126.779999999999,7,7,11385.58,7,6,10,LOW
ACC100691,2168,Business,Ahmedabad,Pending,False,6,6,17562.75,8,8,22233.91,6,6,10,LOW
ACC100694,2004,Individual,Bengaluru,Verified,False,6,6,104209.8,8,8,47447.64,6,6,10,LOW
ACC100829,2197,Business,Kolkata,Pending,False,9,9,17802.86,8,8,24429.14,9,8,10,LOW
ACC100833,663,Individual,Ahmedabad,Verified,False,4,4,13792.96,8,8,30627.100000000002,4,4,10,LOW
ACC100834,329,Individual,Kolkata,Verified,False,9,9,7712.99,9,9,24927.15,9,9,10,LOW
ACC100666,1368,Business,Kolkata,Verified,False,9,9,18774.96,9,9,27586.56,9,9,10,LOW
ACC100671,258,Business,Hyderabad,Verified,False,7,7,10412.87,9,9,11023.34,7,6,10,LOW
ACC100656,2458,Individual,Bengaluru,Pending,False,8,8,9809.710000000001,8,8,19364.37,8,7,10,LOW
ACC100626,1470,Individual,Delhi,Pending,False,6,6,25298.61,8,8,46668.68,6,6,10,LOW
ACC100627,723,Individual,Ahmedabad,Verified,False,9,9,14130.53,8,8,46780.75,9,9,10,LOW
ACC100603,1025,Individual,Mumbai,Verified,False,4,4,6561.18,9,9,14765.619999999999,4,4,10,LOW
ACC100609,2234,Business,Ahmedabad,Verified,False,8,8,20554.010000000002,8,8,23011.04,8,8,10,LOW
ACC100606,2203,Business,Delhi,Verified,False,6,6,16812.4,8,8,13247.41,6,6,10,LOW
ACC100595,265,Business,Delhi,Verified,False,6,6,101902.12999999999,9,9,21487.23,6,6,10,LOW
ACC100592,1591,Business,Mumbai,Verified,False,6,6,13337.810000000001,5,5,5280.52,6,6,10,LOW
ACC100839,2036,Individual,Ahmedabad,Verified,False,8,8,7886.87,9,9,15603.490000000002,8,8,10,LOW
ACC100840,2316,Individual,Delhi,Pending,False,9,9,17159.24,6,6,2834.16,9,9,10,LOW
ACC100567,2104,Business,Ahmedabad,Verified,False,7,7,44180.41,9,9,22545.83,7,7,10,LOW
ACC100580,1155,Business,Ahmedabad,Verified,False,8,8,17768.24,9,9,41266.259999999995,8,8,10,LOW
ACC100845,270,Business,Delhi,Verified,False,7,7,11022.86,7,7,12885.71,7,7,10,LOW
ACC100554,2115,Individual,Bengaluru,Verified,False,8,8,10996.32,8,8,17991.77,8,8,10,LOW
ACC100556,2230,Individual,Mumbai,Pending,False,9,9,9754.85,9,9,21240.94,9,9,10,LOW
ACC100555,694,Business,Ahmedabad,Verified,False,8,8,12812.78,7,7,11617.17,8,7,10,LOW
ACC100178,1086,Individual,Delhi,Verified,False,5,5,19667.5,6,6,8656.74,5,5,10,LOW
ACC100274,1809,Business,Delhi,Pending,False,7,7,22281.739999999998,8,8,24245.980000000003,7,7,10,LOW
ACC100562,1262,Individual,Delhi,Verified,False,9,9,20635.379999999997,4,4,17145.27,9,9,10,LOW
ACC100538,838,Individual,Bengaluru,Verified,False,3,3,3590.12,16,16,26238.71,3,3,10,LOW
ACC100540,1394,Business,Hyderabad,Verified,False,7,7,13030.18,2,2,13062.95,7,6,10,LOW
ACC100544,2405,Individual,Ahmedabad,Verified,False,8,8,19715.21,7,7,25161.18,8,7,10,LOW
ACC100521,1334,Business,Kolkata,Pending,False,8,8,39118.01,8,8,9379.0,8,8,10,LOW
ACC100522,1165,Individual,Delhi,Verified,False,9,9,17099.65,9,9,11910.75,9,9,10,LOW
ACC100525,1215,Individual,Kolkata,Verified,False,9,9,16348.64,8,8,24145.88,9,9,10,LOW
ACC100528,723,Individual,Pune,Verified,False,6,6,9868.81,5,5,8519.95,6,6,10,LOW
ACC100533,763,Individual,Mumbai,Verified,False,9,9,23624.91,8,8,4788.6,9,9,10,LOW
ACC100534,1253,Business,Hyderabad,Pending,False,9,9,17238.32,9,9,15906.66,9,9,10,LOW
ACC100866,385,Individual,Kolkata,Verified,False,7,7,5664.35,8,8,10418.32,7,7,10,LOW
ACC100867,1170,Individual,Hyderabad,Pending,False,7,7,18124.989999999998,9,9,10421.41,7,7,10,LOW
ACC100503,1207,Business,Pune,Verified,False,8,8,16041.84,4,4,4612.07,8,8,10,LOW
ACC100504,1686,Business,Mumbai,Verified,False,9,9,18762.7,6,6,11418.26,9,9,10,LOW
ACC100505,1201,Business,Kolkata,Verified,False,7,7,16967.28,6,6,8163.06,7,7,10,LOW
ACC100495,643,Business,Pune,Pending,False,8,8,14159.130000000001,6,6,4667.83,8,8,10,LOW
ACC100497,1248,Business,Bengaluru,Verified,False,7,7,25006.86,9,9,12661.29,7,6,10,LOW
ACC100480,274,Individual,Chennai,Verified,False,8,8,21470.63,6,6,6206.84,8,8,10,LOW
ACC100484,1400,Individual,Chennai,Verified,False,7,7,11905.62,7,7,34815.77,7,7,10,LOW
ACC100483,860,Business,Chennai,Verified,False,9,9,33037.21,8,8,16948.77,9,9,10,LOW
ACC100485,153,Individual,Pune,Verified,False,3,3,4388.85,11,11,14813.8,3,3,10,LOW
ACC100486,894,Individual,Pune,Pending,False,5,5,15915.46,8,8,10206.36,5,5,10,LOW
ACC100874,2327,Business,Hyderabad,Verified,False,9,9,12858.0,5,5,3841.3999999999996,9,9,10,LOW
ACC100456,1132,Individual,Pune,Verified,False,9,9,15478.77,8,8,26491.769999999997,9,9,10,LOW
ACC100458,987,Business,Delhi,Verified,False,8,8,6330.94,6,6,19828.239999999998,8,8,10,LOW
ACC100872,882,Individual,Ahmedabad,Verified,False,7,7,19244.04,8,8,39092.130000000005,7,7,10,LOW
ACC100439,1640,Business,Delhi,Verified,False,7,7,20986.61,1,1,326.43,7,7,10,LOW
ACC100883,1075,Individual,Ahmedabad,Verified,False,7,7,41083.13,9,9,22776.93,7,7,10,LOW
ACC100443,785,Business,Hyderabad,Verified,False,7,7,21956.879999999997,4,4,10439.79,7,7,10,LOW
ACC100453,685,Business,Pune,Verified,False,8,8,16653.67,9,9,45884.5,8,8,10,LOW
ACC100351,1605,Individual,Pune,Verified,False,8,8,20640.8,7,7,17399.89,8,8,10,LOW
ACC100424,2217,Business,Kolkata,Pending,False,8,8,23083.350000000002,7,7,13383.960000000001,8,8,10,LOW
ACC100413,1791,Individual,Pune,Verified,False,6,6,5248.25,8,8,12515.65,6,6,10,LOW
ACC100416,1025,Business,Mumbai,Verified,False,9,9,21624.1,9,9,13852.64,9,9,10,LOW
ACC100419,345,Business,Delhi,Verified,False,5,5,4764.33,8,8,14152.2,5,5,10,LOW
ACC100391,2304,Business,Kolkata,Verified,False,8,8,43020.729999999996,6,6,19078.28,8,8,10,LOW
ACC100395,1253,Business,Mumbai,Verified,False,8,8,29817.03,7,7,19988.83,8,8,10,LOW
ACC100399,1783,Business,Pune,Verified,False,8,8,14113.33,9,9,29266.05,8,8,10,LOW
ACC100376,1941,Individual,Hyderabad,Pending,False,8,8,16321.45,9,9,47752.76,8,8,10,LOW
ACC100361,645,Individual,Mumbai,Verified,False,8,8,53013.85,7,7,19517.739999999998,8,8,10,LOW
ACC100362,1139,Individual,Kolkata,Verified,False,7,7,20434.199999999997,9,9,30270.52,7,7,10,LOW
ACC100890,2479,Business,Mumbai,Verified,False,9,9,20270.13,9,9,9380.23,9,9,10,LOW
ACC100893,584,Individual,Pune,Verified,False,7,7,16801.010000000002,7,7,19286.7,7,7,10,LOW
ACC100896,2202,Individual,Hyderabad,Verified,False,5,5,3744.56,7,7,11546.15,5,4,10,LOW
ACC100900,830,Individual,Kolkata,Verified,False,8,8,13255.99,6,6,22009.04,8,8,10,LOW
ACC100350,2321,Business,Ahmedabad,Verified,False,7,7,29290.55,9,9,5683.72,7,7,10,LOW
ACC100325,534,Business,Pune,Pending,False,9,9,39770.090000000004,9,9,41774.57,9,9,10,LOW
ACC100355,783,Individual,Hyderabad,Pending,False,9,9,12102.38,8,8,11690.630000000001,9,9,10,LOW
ACC100331,409,Business,Bengaluru,Pending,False,8,8,20009.850000000002,8,8,10308.69,8,8,10,LOW
ACC100333,1916,Business,Mumbai,Verified,False,6,6,11862.76,8,8,29283.789999999997,6,6,10,LOW
ACC100336,843,Individual,Hyderabad,Verified,False,9,9,18386.71,7,7,26327.64,9,8,10,LOW
ACC100337,1833,Individual,Pune,Verified,False,5,5,3113.52,8,8,16027.64,5,5,10,LOW
ACC100319,1715,Individual,Pune,Verified,False,9,9,22135.75,9,9,18783.89,9,9,10,LOW
ACC100324,2465,Individual,Delhi,Pending,False,10,9,44138.83,4,4,3813.79,10,10,10,LOW
ACC100905,2448,Business,Pune,Verified,False,10,9,9078.130000000001,7,7,10395.78,10,10,10,LOW
ACC100299,1149,Individual,Hyderabad,Pending,False,9,9,15983.810000000001,6,6,16876.420000000002,9,9,10,LOW
ACC100302,990,Individual,Bengaluru,Pending,False,6,6,9860.4,9,9,10680.86,6,6,10,LOW
ACC100308,1768,Business,Pune,Pending,False,7,7,8499.59,9,9,22044.5,7,6,10,LOW
ACC100287,1253,Individual,Chennai,Verified,False,3,3,5027.4400000000005,10,10,27467.129999999997,3,3,10,LOW
ACC100283,668,Business,Hyderabad,Verified,False,8,8,9239.69,9,9,10713.39,8,8,10,LOW
ACC100293,2337,Business,Ahmedabad,Verified,False,5,5,12785.16,8,8,12968.720000000001,5,5,10,LOW
ACC100264,649,Individual,Kolkata,Verified,False,8,8,15798.73,6,6,9325.1,8,7,10,LOW
ACC100093,1806,Business,Hyderabad,Verified,False,7,7,13233.15,9,9,26302.239999999998,7,7,10,LOW
ACC100153,327,Individual,Hyderabad,Verified,False,5,5,3197.68,6,6,22245.68,5,5,10,LOW
ACC100277,807,Business,Bengaluru,Verified,False,9,9,13740.15,8,8,25160.65,9,9,10,LOW
ACC100247,1894,Individual,Delhi,Verified,False,3,3,3892.87,12,12,35685.05,3,3,10,LOW
ACC100259,1929,Business,Mumbai,Verified,False,3,3,5880.49,14,14,13335.01,3,3,10,LOW
ACC100231,2265,Business,Mumbai,Verified,False,7,7,25607.22,6,6,4786.67,7,7,10,LOW
ACC100242,113,Business,Bengaluru,Verified,False,6,6,10359.53,6,6,9438.539999999999,6,6,10,LOW
ACC100243,263,Business,Ahmedabad,Verified,False,4,4,4436.95,9,9,49080.2,4,4,10,LOW
ACC100244,1506,Individual,Kolkata,Pending,False,8,8,11281.39,8,8,22669.489999999998,8,8,10,LOW
ACC100245,108,Individual,Ahmedabad,Verified,False,7,7,18808.61,6,6,19908.77,7,7,10,LOW
ACC100920,1287,Individual,Kolkata,Verified,False,8,8,16850.44,9,9,10232.6,8,8,10,LOW
ACC100924,1668,Individual,Mumbai,Verified,False,5,5,5371.85,7,7,7740.1,5,5,10,LOW
ACC100925,1875,Individual,Mumbai,Verified,False,3,3,17211.79,10,10,26001.72,3,3,10,LOW
ACC100927,1942,Business,Pune,Pending,False,5,5,8024.87,5,5,7607.01,5,5,10,LOW
ACC100934,2381,Business,Bengaluru,Verified,False,7,7,12767.880000000001,8,8,14880.470000000001,7,6,10,LOW
ACC100219,2201,Individual,Bengaluru,Verified,False,9,9,14247.09,8,8,10791.41,9,9,10,LOW
ACC100220,2403,Individual,Chennai,Verified,False,9,9,16749.86,9,9,18519.59,9,9,10,LOW
ACC100230,1692,Individual,Chennai,Verified,False,9,9,14040.880000000001,7,7,26568.510000000002,9,9,10,LOW
ACC100201,1379,Business,Hyderabad,Verified,False,8,8,16580.36,7,7,6109.4,8,8,10,LOW
ACC100205,1744,Business,Hyderabad,Verified,False,4,4,5396.75,8,8,10717.58,4,4,10,LOW
ACC100206,1853,Individual,Pune,Verified,False,9,9,47942.89,6,6,7583.82,9,9,10,LOW
ACC100207,498,Individual,Hyderabad,Verified,False,8,8,9167.47,9,9,12788.67,8,8,10,LOW
ACC100211,650,Business,Bengaluru,Verified,False,10,9,20275.21,7,7,11299.09,10,10,10,LOW
ACC100213,1979,Business,Delhi,Pending,False,9,9,9163.630000000001,9,9,9463.16,9,9,10,LOW
ACC100187,410,Individual,Kolkata,Verified,False,9,9,71299.76,9,9,17099.59,9,9,10,LOW
ACC100188,776,Business,Ahmedabad,Pending,False,6,6,10515.05,7,7,8410.84,6,6,10,LOW
ACC100191,207,Business,Hyderabad,Pending,False,9,9,31218.64,9,9,13868.16,9,9,10,LOW
ACC100196,196,Business,Bengaluru,Verified,False,9,9,20730.34,6,6,7636.59,9,8,10,LOW
ACC100941,1693,Individual,Chennai,Verified,False,9,9,9359.49,9,9,16078.76,9,9,10,LOW
ACC100946,824,Business,Kolkata,Pending,False,8,8,5670.57,6,6,9500.0,8,8,10,LOW
ACC100949,372,Individual,Chennai,Verified,False,7,7,11897.710000000001,8,8,20239.22,7,7,10,LOW
ACC100173,864,Individual,Bengaluru,Verified,False,6,6,31963.48,9,9,11769.32,6,6,10,LOW
ACC100043,251,Individual,Hyderabad,Verified,False,8,8,27597.379999999997,7,7,7656.22,8,8,10,LOW
ACC100071,888,Individual,Kolkata,Verified,False,9,9,11387.58,6,6,17089.69,9,9,10,LOW
ACC100155,693,Business,Kolkata,Verified,False,8,8,8663.42,9,9,24735.18,8,8,10,LOW
ACC100163,2499,Individual,Ahmedabad,Verified,False,9,9,17992.77,9,9,109135.51000000001,9,9,10,LOW
ACC100166,1646,Business,Delhi,Verified,False,9,9,8825.84,8,8,17237.28,9,9,10,LOW
ACC100141,1506,Individual,Kolkata,Verified,False,6,5,21800.27,9,9,10592.98,6,6,10,LOW
ACC100144,1410,Individual,Ahmedabad,Verified,False,9,9,15939.57,7,7,11016.2,9,9,10,LOW
ACC100148,1292,Business,Hyderabad,Verified,False,9,9,11979.25,4,4,9706.369999999999,9,9,10,LOW
ACC100122,1933,Business,Bengaluru,Verified,False,7,7,8953.79,9,9,25045.79,7,7,10,LOW
ACC100125,1688,Business,Chennai,Pending,False,7,7,7598.42,5,5,10164.51,7,7,10,LOW
ACC100127,1069,Individual,Hyderabad,Pending,False,6,6,37985.11,9,9,22046.71,6,6,10,LOW
ACC100134,1653,Business,Mumbai,Verified,False,7,7,11717.83,9,9,17468.72,7,7,10,LOW
ACC100951,2275,Individual,Chennai,Pending,False,6,6,7585.48,7,7,13365.18,6,6,10,LOW
ACC100953,994,Individual,Chennai,Pending,False,9,9,13979.619999999999,9,9,23017.25,9,9,10,LOW
ACC100964,1440,Business,Pune,Verified,False,9,9,8810.21,8,8,11943.77,9,9,10,LOW
ACC100091,2346,Individual,Chennai,Verified,False,5,5,6681.820000000001,7,7,20629.59,5,5,10,LOW
ACC100976,211,Business,Kolkata,Verified,False,4,4,3694.12,8,8,17397.68,4,4,10,LOW
ACC100035,656,Business,Pune,Verified,False,6,6,8359.46,7,7,6667.98,6,6,10,LOW
ACC100072,1086,Business,Chennai,Pending,False,8,8,12282.81,9,9,37658.37,8,8,10,LOW
ACC100077,389,Individual,Mumbai,Verified,False,9,9,18263.75,5,5,6818.05,9,9,10,LOW
ACC100056,1510,Individual,Ahmedabad,Verified,False,9,9,24157.079999999998,8,8,23123.91,9,8,10,LOW
ACC100063,1005,Individual,Ahmedabad,Verified,False,7,7,14353.01,6,6,20942.37,7,7,10,LOW
ACC100067,1285,Individual,Mumbai,Verified,False,8,8,29111.27,9,9,19004.370000000003,8,8,10,LOW
ACC100040,610,Individual,Bengaluru,Verified,False,9,9,12214.34,5,5,11733.21,9,9,10,LOW
ACC100979,946,Business,Pune,Verified,False,9,9,9897.119999999999,9,9,12026.55,9,9,10,LOW
ACC100977,2370,Business,Chennai,Verified,False,3,3,1988.92,11,11,15387.560000000001,3,3,10,LOW
ACC100037,2224,Business,Bengaluru,Verified,False,9,9,10459.02,7,7,16355.91,9,9,10,LOW
ACC100968,2477,Business,Delhi,Pending,False,9,9,28054.800000000003,7,7,13206.56,9,9,10,LOW
ACC100004,1648,Individual,Hyderabad,Verified,False,3,3,3347.0,19,19,32348.55,3,3,10,LOW
ACC100610,1812,Business,Chennai,Verified,False,3,3,2419.34,8,8,12020.27,3,3,0,LOW
ACC100657,633,Business,Hyderabad,Verified,False,2,2,11585.619999999999,7,7,35709.39,2,2,0,LOW
ACC100501,963,Individual,Pune,Verified,False,3,3,3908.93,9,9,13864.06,3,3,0,LOW
